省份,年份,情景,预测目标,预测值,95%_下限,95%_上限,gfi_std,indus_2,人均能源消耗,减排效率,碳排放强度,spatial_direct,spatial_indirect,spatial_rho
上海市,2025,保守情景,减排效率,0.20294438,-0.04516402,0.45105278,3.1624701459833955,0.1316156931538551,5.09475403225806,0.676190948474253,-0.392458679466758,-0.040837000000000005,0.05996833333333334,-1.4854381400251448
上海市,2026,保守情景,减排效率,0.19975404,-0.048354357,0.44786245,3.2573442503628973,0.1316156931538551,5.09475403225806,0.676190948474253,-0.392458679466758,-0.040837000000000005,0.05996833333333334,-1.4854381400251448
上海市,2027,保守情景,减排效率,0.19802162,-0.05008678,0.44613004,3.3550645778737844,0.1316156931538551,5.09475403225806,0.676190948474253,-0.392458679466758,-0.040837000000000005,0.05996833333333334,-1.4854381400251448
上海市,2028,保守情景,减排效率,0.19848885,-0.049619555,0.44659725,3.455716515209998,0.1316156931538551,5.09475403225806,0.676190948474253,-0.392458679466758,-0.040837000000000005,0.05996833333333334,-1.4854381400251448
上海市,2029,保守情景,减排效率,0.19850738,-0.04960102,0.4466158,3.559388010666298,0.1316156931538551,5.09475403225806,0.676190948474253,-0.392458679466758,-0.040837000000000005,0.05996833333333334,-1.4854381400251448
云南省,2025,保守情景,减排效率,0.18545377,-0.06265463,0.43356216,-1.0479155550138988,0.0527175343517018,3.18215252416756,0.438330394330669,-0.680747220310711,-0.040837000000000005,0.05996833333333334,-1.4854381400251448
云南省,2026,保守情景,减排效率,0.18475209,-0.06335631,0.4328605,-1.0793530216643157,0.0527175343517018,3.18215252416756,0.438330394330669,-0.680747220310711,-0.040837000000000005,0.05996833333333334,-1.4854381400251448
云南省,2027,保守情景,减排效率,0.18437882,-0.063729584,0.43248722,-1.1117336123142452,0.0527175343517018,3.18215252416756,0.438330394330669,-0.680747220310711,-0.040837000000000005,0.05996833333333334,-1.4854381400251448
云南省,2028,保守情景,减排效率,0.18461777,-0.06349063,0.43272617,-1.1450856206836728,0.0527175343517018,3.18215252416756,0.438330394330669,-0.680747220310711,-0.040837000000000005,0.05996833333333334,-1.4854381400251448
云南省,2029,保守情景,减排效率,0.18495555,-0.06315285,0.43306395,-1.179438189304183,0.0527175343517018,3.18215252416756,0.438330394330669,-0.680747220310711,-0.040837000000000005,0.05996833333333334,-1.4854381400251448
内蒙古自治区,2025,保守情景,减排效率,-0.18166155,-0.42976993,0.066446856,-1.2015686806384818,0.7423483541456074,11.653885880883,0.0,-3.1491823584626,-0.040837000000000005,0.05996833333333334,-1.4854381400251448
内蒙古自治区,2026,保守情景,减排效率,-0.18460883,-0.43271723,0.06349957,-1.237615741057636,0.7423483541456074,11.653885880883,0.0,-3.1491823584626,-0.040837000000000005,0.05996833333333334,-1.4854381400251448
内蒙古自治区,2027,保守情景,减排效率,-0.18604799,-0.4341564,0.062060416,-1.2747442132893654,0.7423483541456074,11.653885880883,0.0,-3.1491823584626,-0.040837000000000005,0.05996833333333334,-1.4854381400251448
内蒙古自治区,2028,保守情景,减排效率,-0.1871572,-0.4352656,0.060951203,-1.3129865396880465,0.7423483541456074,11.653885880883,0.0,-3.1491823584626,-0.040837000000000005,0.05996833333333334,-1.4854381400251448
内蒙古自治区,2029,保守情景,减排效率,-0.18711896,-0.43522736,0.06098944,-1.3523761358786877,0.7423483541456074,11.653885880883,0.0,-3.1491823584626,-0.040837000000000005,0.05996833333333334,-1.4854381400251448
北京市,2025,保守情景,减排效率,0.278125,0.030016586,0.5262334,2.020061218129609,0.1246772371702402,3.5089876316995,0.866342174169932,-0.272316754167598,-0.040837000000000005,0.05996833333333334,-1.4854381400251448
北京市,2026,保守情景,减排效率,0.27578974,0.027681336,0.5238981,2.080663054673497,0.1246772371702402,3.5089876316995,0.866342174169932,-0.272316754167598,-0.040837000000000005,0.05996833333333334,-1.4854381400251448
北京市,2027,保守情景,减排效率,0.27494547,0.026837066,0.5230539,2.143082946313702,0.1246772371702402,3.5089876316995,0.866342174169932,-0.272316754167598,-0.040837000000000005,0.05996833333333334,-1.4854381400251448
北京市,2028,保守情景,减排效率,0.27516982,0.027061418,0.52327824,2.2073754347031134,0.1246772371702402,3.5089876316995,0.866342174169932,-0.272316754167598,-0.040837000000000005,0.05996833333333334,-1.4854381400251448
北京市,2029,保守情景,减排效率,0.275532,0.027423605,0.5236404,2.273596697744207,0.1246772371702402,3.5089876316995,0.866342174169932,-0.272316754167598,-0.040837000000000005,0.05996833333333334,-1.4854381400251448
吉林省,2025,保守情景,减排效率,0.02115752,-0.22695088,0.26926592,2.3604714669784346,0.9531585104308832,3.38377211911955,0.0547681419935891,-1.14562716834248,-0.040837000000000005,0.05996833333333334,-1.4854381400251448
吉林省,2026,保守情景,减排效率,-0.0036140354,-0.25172243,0.24449436,2.4312856109877874,0.9531585104308832,3.38377211911955,0.0547681419935891,-1.14562716834248,-0.040837000000000005,0.05996833333333334,-1.4854381400251448
吉林省,2027,保守情景,减排效率,-0.024104012,-0.27221242,0.22400439,2.504224179317421,0.9531585104308832,3.38377211911955,0.0547681419935891,-1.14562716834248,-0.040837000000000005,0.05996833333333334,-1.4854381400251448
吉林省,2028,保守情景,减排效率,-0.031916946,-0.28002536,0.21619146,2.5793509046969443,0.9531585104308832,3.38377211911955,0.0547681419935891,-1.14562716834248,-0.040837000000000005,0.05996833333333334,-1.4854381400251448
吉林省,2029,保守情景,减排效率,-0.03403989,-0.2821483,0.21406852,2.6567314318378523,0.9531585104308832,3.38377211911955,0.0547681419935891,-1.14562716834248,-0.040837000000000005,0.05996833333333334,-1.4854381400251448
四川省,2025,保守情景,减排效率,0.24137388,-0.00673452,0.48948228,1.8264463300259175,0.159667372521137,2.04516399318508,0.655294291788654,-0.417785563472804,-0.040837000000000005,0.05996833333333334,-1.4854381400251448
四川省,2026,保守情景,减排效率,0.23581715,-0.012291253,0.48392555,1.881239719926695,0.159667372521137,2.04516399318508,0.655294291788654,-0.417785563472804,-0.040837000000000005,0.05996833333333334,-1.4854381400251448
四川省,2027,保守情景,减排效率,0.23328418,-0.0148242265,0.48139256,1.9376769115244958,0.159667372521137,2.04516399318508,0.655294291788654,-0.417785563472804,-0.040837000000000005,0.05996833333333334,-1.4854381400251448
四川省,2028,保守情景,减排效率,0.23318586,-0.014922544,0.48129427,1.995807218870231,0.159667372521137,2.04516399318508,0.655294291788654,-0.417785563472804,-0.040837000000000005,0.05996833333333334,-1.4854381400251448
四川省,2029,保守情景,减排效率,0.23357919,-0.014529213,0.4816876,2.055681435436338,0.159667372521137,2.04516399318508,0.655294291788654,-0.417785563472804,-0.040837000000000005,0.05996833333333334,-1.4854381400251448
天津市,2025,保守情景,减排效率,0.092381,-0.1557274,0.3404894,2.3564067041619063,0.056373895241424,6.38269794721408,0.317717951708727,-0.826930286335669,-0.040837000000000005,0.05996833333333334,-1.4854381400251448
天津市,2026,保守情景,减排效率,0.070631385,-0.17747702,0.31873977,2.4270989052867633,0.056373895241424,6.38269794721408,0.317717951708727,-0.826930286335669,-0.040837000000000005,0.05996833333333334,-1.4854381400251448
天津市,2027,保守情景,减排效率,0.05235016,-0.19575824,0.30045855,2.499911872445366,0.056373895241424,6.38269794721408,0.317717951708727,-0.826930286335669,-0.040837000000000005,0.05996833333333334,-1.4854381400251448
天津市,2028,保守情景,减排效率,0.045325838,-0.20278257,0.29343423,2.574909228618728,0.056373895241424,6.38269794721408,0.317717951708727,-0.826930286335669,-0.040837000000000005,0.05996833333333334,-1.4854381400251448
天津市,2029,保守情景,减排效率,0.04375094,-0.20435746,0.29185933,2.6521565054772895,0.056373895241424,6.38269794721408,0.317717951708727,-0.826930286335669,-0.040837000000000005,0.05996833333333334,-1.4854381400251448
宁夏回族自治区,2025,保守情景,减排效率,-0.12879828,-0.3769067,0.119310126,1.0000467922132468,9.879606745656757,11.653885880883,0.0,-3.55756534309806,-0.040837000000000005,0.05996833333333334,-1.4854381400251448
宁夏回族自治区,2026,保守情景,减排效率,-0.12674893,-0.37485734,0.12135947,1.0300481959796441,9.879606745656757,11.653885880883,0.0,-3.55756534309806,-0.040837000000000005,0.05996833333333334,-1.4854381400251448
宁夏回族自治区,2027,保守情景,减排效率,-0.13082564,-0.37893403,0.11728276,1.0609496418590336,9.879606745656757,11.653885880883,0.0,-3.55756534309806,-0.040837000000000005,0.05996833333333334,-1.4854381400251448
宁夏回族自治区,2028,保守情景,减排效率,-0.1317231,-0.3798315,0.116385296,1.0927781311148048,9.879606745656757,11.653885880883,0.0,-3.55756534309806,-0.040837000000000005,0.05996833333333334,-1.4854381400251448
宁夏回族自治区,2029,保守情景,减排效率,-0.13168578,-0.37979418,0.11642262,1.1255614750482488,9.879606745656757,11.653885880883,0.0,-3.55756534309806,-0.040837000000000005,0.05996833333333334,-1.4854381400251448
安徽省,2025,保守情景,减排效率,0.057198554,-0.19090985,0.30530697,0.4053165726160325,0.1427510409835418,2.93499918340683,0.0941800881131325,-1.0978596329496,-0.040837000000000005,0.05996833333333334,-1.4854381400251448
安徽省,2026,保守情景,减排效率,0.053465884,-0.19464251,0.3015743,0.4174760697945134,0.1427510409835418,2.93499918340683,0.0941800881131325,-1.0978596329496,-0.040837000000000005,0.05996833333333334,-1.4854381400251448
安徽省,2027,保守情景,减排效率,0.05067757,-0.19743083,0.29878598,0.43000035188834884,0.1427510409835418,2.93499918340683,0.0941800881131325,-1.0978596329496,-0.040837000000000005,0.05996833333333334,-1.4854381400251448
安徽省,2028,保守情景,减排效率,0.049701508,-0.19840689,0.2978099,0.44290036244499936,0.1427510409835418,2.93499918340683,0.0941800881131325,-1.0978596329496,-0.040837000000000005,0.05996833333333334,-1.4854381400251448
安徽省,2029,保守情景,减排效率,0.049290754,-0.19881764,0.29739916,0.4561873733183493,0.1427510409835418,2.93499918340683,0.0941800881131325,-1.0978596329496,-0.040837000000000005,0.05996833333333334,-1.4854381400251448
山东省,2025,保守情景,减排效率,-0.056935824,-0.30504423,0.19117257,3.1624701459833955,0.015196954724661,5.44643849206349,0.0187209760709147,-1.18931656822143,-0.040837000000000005,0.05996833333333334,-1.4854381400251448
山东省,2026,保守情景,减排效率,-0.081156604,-0.329265,0.1669518,3.2573442503628973,0.015196954724661,5.44643849206349,0.0187209760709147,-1.18931656822143,-0.040837000000000005,0.05996833333333334,-1.4854381400251448
山东省,2027,保守情景,减排效率,-0.10384913,-0.35195753,0.14425927,3.3550645778737844,0.015196954724661,5.44643849206349,0.0187209760709147,-1.18931656822143,-0.040837000000000005,0.05996833333333334,-1.4854381400251448
山东省,2028,保守情景,减排效率,-0.11124315,-0.35935155,0.13686526,3.455716515209998,0.015196954724661,5.44643849206349,0.0187209760709147,-1.18931656822143,-0.040837000000000005,0.05996833333333334,-1.4854381400251448
山东省,2029,保守情景,减排效率,-0.11408105,-0.36218944,0.13402736,3.559388010666298,0.015196954724661,5.44643849206349,0.0187209760709147,-1.18931656822143,-0.040837000000000005,0.05996833333333334,-1.4854381400251448
山西省,2025,保守情景,减排效率,-0.028029567,-0.27613798,0.22007884,-0.022392452965721434,0.4585541308585706,6.18833430063842,0.0,-2.40979039172848,-0.040837000000000005,0.05996833333333334,-1.4854381400251448
山西省,2026,保守情景,减排效率,-0.028173223,-0.27628163,0.21993518,-0.023064226554693076,0.4585541308585706,6.18833430063842,0.0,-2.40979039172848,-0.040837000000000005,0.05996833333333334,-1.4854381400251448
山西省,2027,保守情景,减排效率,-0.02938992,-0.27749833,0.21871848,-0.02375615335133387,0.4585541308585706,6.18833430063842,0.0,-2.40979039172848,-0.040837000000000005,0.05996833333333334,-1.4854381400251448
山西省,2028,保守情景,减排效率,-0.029749984,-0.27785838,0.21835841,-0.02446883795187389,0.4585541308585706,6.18833430063842,0.0,-2.40979039172848,-0.040837000000000005,0.05996833333333334,-1.4854381400251448
山西省,2029,保守情景,减排效率,-0.029729951,-0.27783835,0.21837845,-0.025202903090430103,0.4585541308585706,6.18833430063842,0.0,-2.40979039172848,-0.040837000000000005,0.05996833333333334,-1.4854381400251448
广东省,2025,保守情景,减排效率,0.20762178,-0.04048662,0.4557302,2.783473433956528,0.0105758653654706,3.34843505477308,0.595164265319013,-0.490663547190007,-0.040837000000000005,0.05996833333333334,-1.4854381400251448
广东省,2026,保守情景,减排效率,0.20101832,-0.047090083,0.44912672,2.8669776369752236,0.0105758653654706,3.34843505477308,0.595164265319013,-0.490663547190007,-0.040837000000000005,0.05996833333333334,-1.4854381400251448
广东省,2027,保守情景,减排效率,0.19673823,-0.051370174,0.44484663,2.9529869660844805,0.0105758653654706,3.34843505477308,0.595164265319013,-0.490663547190007,-0.040837000000000005,0.05996833333333334,-1.4854381400251448
广东省,2028,保守情景,减排效率,0.1959408,-0.05216761,0.44404918,3.0415765750670154,0.0105758653654706,3.34843505477308,0.595164265319013,-0.490663547190007,-0.040837000000000005,0.05996833333333334,-1.4854381400251448
广东省,2029,保守情景,减排效率,0.19625166,-0.05185674,0.44436008,3.1328238723190256,0.0105758653654706,3.34843505477308,0.595164265319013,-0.490663547190007,-0.040837000000000005,0.05996833333333334,-1.4854381400251448
广西壮族自治区,2025,保守情景,减排效率,-0.037122,-0.2852304,0.2109864,3.0813830645720017,0.4015197525951677,3.05929982046679,0.0,-1.28898937115611,-0.040837000000000005,0.05996833333333334,-1.4854381400251448
广西壮族自治区,2026,保守情景,减排效率,-0.059280753,-0.30738914,0.18882765,3.1738245565091616,0.4015197525951677,3.05929982046679,0.0,-1.28898937115611,-0.040837000000000005,0.05996833333333334,-1.4854381400251448
广西壮族自治区,2027,保守情景,减排效率,-0.077761285,-0.32586968,0.17034712,3.2690392932044365,0.4015197525951677,3.05929982046679,0.0,-1.28898937115611,-0.040837000000000005,0.05996833333333334,-1.4854381400251448
广西壮族自治区,2028,保守情景,减排效率,-0.08487833,-0.33298674,0.16323006,3.36711047200057,0.4015197525951677,3.05929982046679,0.0,-1.28898937115611,-0.040837000000000005,0.05996833333333334,-1.4854381400251448
广西壮族自治区,2029,保守情景,减排效率,-0.087039776,-0.3351482,0.16106862,3.468123786160587,0.4015197525951677,3.05929982046679,0.0,-1.28898937115611,-0.040837000000000005,0.05996833333333334,-1.4854381400251448
新疆维吾尔自治区,2025,保守情景,减排效率,-0.06141151,-0.30951992,0.18669689,1.0300532101408528,0.2160503747425015,8.27276493915547,0.0,-2.48700181405564,-0.040837000000000005,0.05996833333333334,-1.4854381400251448
新疆维吾尔自治区,2026,保守情景,减排效率,-0.07646263,-0.324571,0.17164578,1.0609548064450784,0.2160503747425015,8.27276493915547,0.0,-2.48700181405564,-0.040837000000000005,0.05996833333333334,-1.4854381400251448
新疆维吾尔自治区,2027,保守情景,减排效率,-0.090995215,-0.3391036,0.1571132,1.0927834506384309,0.2160503747425015,8.27276493915547,0.0,-2.48700181405564,-0.040837000000000005,0.05996833333333334,-1.4854381400251448
新疆维吾尔自治区,2028,保守情景,减排效率,-0.097260445,-0.34536886,0.15084796,1.125566954157584,0.2160503747425015,8.27276493915547,0.0,-2.48700181405564,-0.040837000000000005,0.05996833333333334,-1.4854381400251448
新疆维吾尔自治区,2029,保守情景,减排效率,-0.09767848,-0.34578687,0.15042992,1.1593339627823112,0.2160503747425015,8.27276493915547,0.0,-2.48700181405564,-0.040837000000000005,0.05996833333333334,-1.4854381400251448
江苏省,2025,保守情景,减排效率,0.13445283,-0.11365557,0.38256124,1.7140475862943714,0.2890969870372533,4.90411095472672,0.427245594760139,-0.694182069587177,-0.040837000000000005,0.05996833333333334,-1.4854381400251448
江苏省,2026,保守情景,减排效率,0.13035344,-0.117754966,0.37846184,1.7654690138832023,0.2890969870372533,4.90411095472672,0.427245594760139,-0.694182069587177,-0.040837000000000005,0.05996833333333334,-1.4854381400251448
江苏省,2027,保守情景,减排效率,0.1260241,-0.122084305,0.3741325,1.8184330842996985,0.2890969870372533,4.90411095472672,0.427245594760139,-0.694182069587177,-0.040837000000000005,0.05996833333333334,-1.4854381400251448
江苏省,2028,保守情景,减排效率,0.124636695,-0.12347171,0.3727451,1.8729860768286897,0.2890969870372533,4.90411095472672,0.427245594760139,-0.694182069587177,-0.040837000000000005,0.05996833333333334,-1.4854381400251448
江苏省,2029,保守情景,减排效率,0.12361576,-0.124492645,0.37172416,1.9291756591335503,0.2890969870372533,4.90411095472672,0.427245594760139,-0.694182069587177,-0.040837000000000005,0.05996833333333334,-1.4854381400251448
江西省,2025,保守情景,减排效率,0.1399122,-0.1081962,0.3880206,1.346367795317229,0.7118251589796067,2.65260986457963,0.346853429955026,-0.791617896937358,-0.040837000000000005,0.05996833333333334,-1.4854381400251448
江西省,2026,保守情景,减排效率,0.13074404,-0.11736436,0.37885243,1.3867588291767459,0.7118251589796067,2.65260986457963,0.346853429955026,-0.791617896937358,-0.040837000000000005,0.05996833333333334,-1.4854381400251448
江西省,2027,保守情景,减排效率,0.124064386,-0.124044016,0.37217277,1.4283615940520482,0.7118251589796067,2.65260986457963,0.346853429955026,-0.791617896937358,-0.040837000000000005,0.05996833333333334,-1.4854381400251448
江西省,2028,保守情景,减排效率,0.12201776,-0.12609065,0.37012616,1.4712124418736099,0.7118251589796067,2.65260986457963,0.346853429955026,-0.791617896937358,-0.040837000000000005,0.05996833333333334,-1.4854381400251448
江西省,2029,保守情景,减排效率,0.12140794,-0.12670046,0.36951634,1.515348815129818,0.7118251589796067,2.65260986457963,0.346853429955026,-0.791617896937358,-0.040837000000000005,0.05996833333333334,-1.4854381400251448
河北省,2025,保守情景,减排效率,-0.054073382,-0.30218178,0.19403502,2.292749983853406,0.2448634352335204,4.70202222824614,0.0,-1.64576782601011,-0.040837000000000005,0.05996833333333334,-1.4854381400251448
河北省,2026,保守情景,减排效率,-0.06869008,-0.31679848,0.17941833,2.361532483369008,0.2448634352335204,4.70202222824614,0.0,-1.64576782601011,-0.040837000000000005,0.05996833333333334,-1.4854381400251448
河北省,2027,保守情景,减排效率,-0.08101938,-0.3291278,0.16708902,2.4323784578700782,0.2448634352335204,4.70202222824614,0.0,-1.64576782601011,-0.040837000000000005,0.05996833333333334,-1.4854381400251448
河北省,2028,保守情景,减排效率,-0.086247094,-0.3343555,0.1618613,2.5053498116061808,0.2448634352335204,4.70202222824614,0.0,-1.64576782601011,-0.040837000000000005,0.05996833333333334,-1.4854381400251448
河北省,2029,保守情景,减排效率,-0.0888488,-0.33695722,0.1592596,2.580510305954366,0.2448634352335204,4.70202222824614,0.0,-1.64576782601011,-0.040837000000000005,0.05996833333333334,-1.4854381400251448
河南省,2025,保守情景,减排效率,0.042113096,-0.2059953,0.2902215,0.5057443665142892,0.9306510457619124,2.65406234031681,0.0699960078539488,-1.12717089573832,-0.040837000000000005,0.05996833333333334,-1.4854381400251448
河南省,2026,保守情景,减排效率,0.03863596,-0.20947245,0.28674436,0.5209166975097178,0.9306510457619124,2.65406234031681,0.0699960078539488,-1.12717089573832,-0.040837000000000005,0.05996833333333334,-1.4854381400251448
河南省,2027,保守情景,减排效率,0.03571432,-0.21239409,0.28382272,0.5365441984350093,0.9306510457619124,2.65406234031681,0.0699960078539488,-1.12717089573832,-0.040837000000000005,0.05996833333333334,-1.4854381400251448
河南省,2028,保守情景,减排效率,0.034391794,-0.21371661,0.2825002,0.5526405243880597,0.9306510457619124,2.65406234031681,0.0699960078539488,-1.12717089573832,-0.040837000000000005,0.05996833333333334,-1.4854381400251448
河南省,2029,保守情景,减排效率,0.033944197,-0.2141642,0.2820526,0.5692197401197014,0.9306510457619124,2.65406234031681,0.0699960078539488,-1.12717089573832,-0.040837000000000005,0.05996833333333334,-1.4854381400251448
浙江省,2025,保守情景,减排效率,0.17992523,-0.06818317,0.42803365,3.1624701459833955,0.0259112887299097,5.18735532233883,0.589675226020143,-0.497316298571184,-0.040837000000000005,0.05996833333333334,-1.4854381400251448
浙江省,2026,保守情景,减排效率,0.16778177,-0.08032663,0.41589016,3.2573442503628973,0.0259112887299097,5.18735532233883,0.589675226020143,-0.497316298571184,-0.040837000000000005,0.05996833333333334,-1.4854381400251448
浙江省,2027,保守情景,减排效率,0.16118366,-0.08692475,0.40929204,3.3550645778737844,0.0259112887299097,5.18735532233883,0.589675226020143,-0.497316298571184,-0.040837000000000005,0.05996833333333334,-1.4854381400251448
浙江省,2028,保守情景,减排效率,0.16135372,-0.08675468,0.40946212,3.455716515209998,0.0259112887299097,5.18735532233883,0.589675226020143,-0.497316298571184,-0.040837000000000005,0.05996833333333334,-1.4854381400251448
浙江省,2029,保守情景,减排效率,0.16103165,-0.08707675,0.40914005,3.559388010666298,0.0259112887299097,5.18735532233883,0.589675226020143,-0.497316298571184,-0.040837000000000005,0.05996833333333334,-1.4854381400251448
海南省,2025,保守情景,减排效率,0.16839828,-0.079710126,0.41650668,0.9141347047077454,0.522613002003604,3.46520992366412,0.468561322579346,-0.644107138374686,-0.040837000000000005,0.05996833333333334,-1.4854381400251448
海南省,2026,保守情景,减排效率,0.16805618,-0.08005223,0.41616458,0.9415587458489777,0.522613002003604,3.46520992366412,0.468561322579346,-0.644107138374686,-0.040837000000000005,0.05996833333333334,-1.4854381400251448
海南省,2027,保守情景,减排效率,0.1676755,-0.08043291,0.41578388,0.9698055082244471,0.522613002003604,3.46520992366412,0.468561322579346,-0.644107138374686,-0.040837000000000005,0.05996833333333334,-1.4854381400251448
海南省,2028,保守情景,减排效率,0.16757438,-0.080534026,0.4156828,0.9988996734711806,0.522613002003604,3.46520992366412,0.468561322579346,-0.644107138374686,-0.040837000000000005,0.05996833333333334,-1.4854381400251448
海南省,2029,保守情景,减排效率,0.16716784,-0.08094056,0.41527623,1.0288666636753159,0.522613002003604,3.46520992366412,0.468561322579346,-0.644107138374686,-0.040837000000000005,0.05996833333333334,-1.4854381400251448
湖北省,2025,保守情景,减排效率,0.07791968,-0.17018872,0.32602808,2.5537600268304854,0.3267208771432856,3.3361330133699,0.250009568355907,-0.908993287954276,-0.040837000000000005,0.05996833333333334,-1.4854381400251448
湖北省,2026,保守情景,减排效率,0.06452315,-0.18358526,0.31263155,2.6303728276353997,0.3267208771432856,3.3361330133699,0.250009568355907,-0.908993287954276,-0.040837000000000005,0.05996833333333334,-1.4854381400251448
湖北省,2027,保守情景,减排效率,0.05457731,-0.1935311,0.3026857,2.7092840124644617,0.3267208771432856,3.3361330133699,0.250009568355907,-0.908993287954276,-0.040837000000000005,0.05996833333333334,-1.4854381400251448
湖北省,2028,保守情景,减排效率,0.051284425,-0.19682398,0.29939282,2.790562532838396,0.3267208771432856,3.3361330133699,0.250009568355907,-0.908993287954276,-0.040837000000000005,0.05996833333333334,-1.4854381400251448
湖北省,2029,保守情景,减排效率,0.049992155,-0.19811624,0.29810056,2.8742794088235475,0.3267208771432856,3.3361330133699,0.250009568355907,-0.908993287954276,-0.040837000000000005,0.05996833333333334,-1.4854381400251448
湖南省,2025,保守情景,减排效率,0.20990062,-0.038207784,0.458009,3.1624701459833955,0.4642633052168849,2.27799745548911,0.554239930318733,-0.540264107756758,-0.040837000000000005,0.05996833333333334,-1.4854381400251448
湖南省,2026,保守情景,减排效率,0.205091,-0.043017402,0.4531994,3.2573442503628973,0.4642633052168849,2.27799745548911,0.554239930318733,-0.540264107756758,-0.040837000000000005,0.05996833333333334,-1.4854381400251448
湖南省,2027,保守情景,减排效率,0.20265602,-0.045452386,0.45076442,3.3550645778737844,0.4642633052168849,2.27799745548911,0.554239930318733,-0.540264107756758,-0.040837000000000005,0.05996833333333334,-1.4854381400251448
湖南省,2028,保守情景,减排效率,0.2034144,-0.044694006,0.4515228,3.455716515209998,0.4642633052168849,2.27799745548911,0.554239930318733,-0.540264107756758,-0.040837000000000005,0.05996833333333334,-1.4854381400251448
湖南省,2029,保守情景,减排效率,0.2044792,-0.0436292,0.4525876,3.559388010666298,0.4642633052168849,2.27799745548911,0.554239930318733,-0.540264107756758,-0.040837000000000005,0.05996833333333334,-1.4854381400251448
甘肃省,2025,保守情景,减排效率,-0.040747575,-0.28885597,0.20736083,1.904538066646449,0.847618608156642,3.81288436077336,0.0,-1.88335509078744,-0.040837000000000005,0.05996833333333334,-1.4854381400251448
甘肃省,2026,保守情景,减排效率,-0.05026087,-0.2983693,0.19784753,1.9616742086458423,0.847618608156642,3.81288436077336,0.0,-1.88335509078744,-0.040837000000000005,0.05996833333333334,-1.4854381400251448
甘肃省,2027,保守情景,减排效率,-0.05873469,-0.3068431,0.18937372,2.0205244349052176,0.847618608156642,3.81288436077336,0.0,-1.88335509078744,-0.040837000000000005,0.05996833333333334,-1.4854381400251448
甘肃省,2028,保守情景,减排效率,-0.06317455,-0.31128296,0.18493384,2.0811401679523747,0.847618608156642,3.81288436077336,0.0,-1.88335509078744,-0.040837000000000005,0.05996833333333334,-1.4854381400251448
甘肃省,2029,保守情景,减排效率,-0.065332346,-0.31344074,0.18277606,2.1435743729909458,0.847618608156642,3.81288436077336,0.0,-1.88335509078744,-0.040837000000000005,0.05996833333333334,-1.4854381400251448
福建省,2025,保守情景,减排效率,0.20486979,-0.04323861,0.4529782,2.25680968874785,0.3024618687349595,4.33162172668734,0.612296737191706,-0.469898879693911,-0.040837000000000005,0.05996833333333334,-1.4854381400251448
福建省,2026,保守情景,减排效率,0.19789778,-0.050210625,0.44600618,2.3245139794102854,0.3024618687349595,4.33162172668734,0.612296737191706,-0.469898879693911,-0.040837000000000005,0.05996833333333334,-1.4854381400251448
福建省,2027,保守情景,减排效率,0.1931695,-0.054938897,0.44127792,2.394249398792594,0.3024618687349595,4.33162172668734,0.612296737191706,-0.469898879693911,-0.040837000000000005,0.05996833333333334,-1.4854381400251448
福建省,2028,保守情景,减排效率,0.19189675,-0.05621165,0.44000515,2.466076880756372,0.3024618687349595,4.33162172668734,0.612296737191706,-0.469898879693911,-0.040837000000000005,0.05996833333333334,-1.4854381400251448
福建省,2029,保守情景,减排效率,0.19152507,-0.05658333,0.4396335,2.540059187179063,0.3024618687349595,4.33162172668734,0.612296737191706,-0.469898879693911,-0.040837000000000005,0.05996833333333334,-1.4854381400251448
贵州省,2025,保守情景,减排效率,0.031027827,-0.21708058,0.27913624,3.1624701459833955,0.2019490803852279,2.93160103626943,0.143313294560675,-1.03830986672314,-0.040837000000000005,0.05996833333333334,-1.4854381400251448
贵州省,2026,保守情景,减排效率,0.011887815,-0.23622058,0.2599962,3.2573442503628973,0.2019490803852279,2.93160103626943,0.143313294560675,-1.03830986672314,-0.040837000000000005,0.05996833333333334,-1.4854381400251448
贵州省,2027,保守情景,减排效率,-0.002841035,-0.25094944,0.24526736,3.3550645778737844,0.2019490803852279,2.93160103626943,0.143313294560675,-1.03830986672314,-0.040837000000000005,0.05996833333333334,-1.4854381400251448
贵州省,2028,保守情景,减排效率,-0.006326983,-0.2544354,0.24178141,3.455716515209998,0.2019490803852279,2.93160103626943,0.143313294560675,-1.03830986672314,-0.040837000000000005,0.05996833333333334,-1.4854381400251448
贵州省,2029,保守情景,减排效率,-0.007447767,-0.25555617,0.24066064,3.559388010666298,0.2019490803852279,2.93160103626943,0.143313294560675,-1.03830986672314,-0.040837000000000005,0.05996833333333334,-1.4854381400251448
辽宁省,2025,保守情景,减排效率,-0.056861904,-0.3049703,0.1912465,3.1624701459833955,0.6615152992545849,5.83882069795427,0.0,-1.51268278032791,-0.040837000000000005,0.05996833333333334,-1.4854381400251448
辽宁省,2026,保守情景,减排效率,-0.079816416,-0.32792482,0.16829199,3.2573442503628973,0.6615152992545849,5.83882069795427,0.0,-1.51268278032791,-0.040837000000000005,0.05996833333333334,-1.4854381400251448
辽宁省,2027,保守情景,减排效率,-0.09834069,-0.34644908,0.14976771,3.3550645778737844,0.6615152992545849,5.83882069795427,0.0,-1.51268278032791,-0.040837000000000005,0.05996833333333334,-1.4854381400251448
辽宁省,2028,保守情景,减排效率,-0.10400174,-0.35211015,0.14410666,3.455716515209998,0.6615152992545849,5.83882069795427,0.0,-1.51268278032791,-0.040837000000000005,0.05996833333333334,-1.4854381400251448
辽宁省,2029,保守情景,减排效率,-0.10691285,-0.35502124,0.14119555,3.559388010666298,0.6615152992545849,5.83882069795427,0.0,-1.51268278032791,-0.040837000000000005,0.05996833333333334,-1.4854381400251448
重庆市,2025,保守情景,减排效率,0.19454435,-0.053564057,0.44265276,1.7231173983783243,0.2527210715306338,2.76545454545455,0.547244411807783,-0.548742721754905,-0.040837000000000005,0.05996833333333334,-1.4854381400251448
重庆市,2026,保守情景,减排效率,0.19173414,-0.056374267,0.43984252,1.7748109203296738,0.2527210715306338,2.76545454545455,0.547244411807783,-0.548742721754905,-0.040837000000000005,0.05996833333333334,-1.4854381400251448
重庆市,2027,保守情景,减排效率,0.18970898,-0.058399424,0.4378174,1.8280552479395642,0.2527210715306338,2.76545454545455,0.547244411807783,-0.548742721754905,-0.040837000000000005,0.05996833333333334,-1.4854381400251448
重庆市,2028,保守情景,减排效率,0.1892434,-0.058864996,0.43735182,1.8828969053777513,0.2527210715306338,2.76545454545455,0.547244411807783,-0.548742721754905,-0.040837000000000005,0.05996833333333334,-1.4854381400251448
重庆市,2029,保守情景,减排效率,0.18906334,-0.05904506,0.43717176,1.9393838125390839,0.2527210715306338,2.76545454545455,0.547244411807783,-0.548742721754905,-0.040837000000000005,0.05996833333333334,-1.4854381400251448
陕西省,2025,保守情景,减排效率,-0.022267638,-0.27037603,0.22584076,1.0866951767053648,0.6420278681328576,4.71619276498862,0.0,-1.26180068629217,-0.040837000000000005,0.05996833333333334,-1.4854381400251448
陕西省,2026,保守情景,减排效率,-0.021083789,-0.2691922,0.22702461,1.1192960320065257,0.6420278681328576,4.71619276498862,0.0,-1.26180068629217,-0.040837000000000005,0.05996833333333334,-1.4854381400251448
陕西省,2027,保守情景,减排效率,-0.020369448,-0.26847786,0.22773895,1.1528749129667215,0.6420278681328576,4.71619276498862,0.0,-1.26180068629217,-0.040837000000000005,0.05996833333333334,-1.4854381400251448
陕西省,2028,保守情景,减排效率,-0.021031199,-0.2691396,0.2270772,1.1874611603557232,0.6420278681328576,4.71619276498862,0.0,-1.26180068629217,-0.040837000000000005,0.05996833333333334,-1.4854381400251448
陕西省,2029,保守情景,减排效率,-0.022359118,-0.27046752,0.22574928,1.223084995166395,0.6420278681328576,4.71619276498862,0.0,-1.26180068629217,-0.040837000000000005,0.05996833333333334,-1.4854381400251448
青海省,2025,保守情景,减排效率,-0.031318318,-0.27942672,0.21679008,-0.4615351806494054,2.354206742938139,8.70811129848229,0.0,-2.22998979877493,-0.040837000000000005,0.05996833333333334,-1.4854381400251448
青海省,2026,保守情景,减排效率,-0.03692437,-0.28503278,0.21118402,-0.47538123606888755,2.354206742938139,8.70811129848229,0.0,-2.22998979877493,-0.040837000000000005,0.05996833333333334,-1.4854381400251448
青海省,2027,保守情景,减排效率,-0.0416651,-0.2897735,0.20644331,-0.4896426731509542,2.354206742938139,8.70811129848229,0.0,-2.22998979877493,-0.040837000000000005,0.05996833333333334,-1.4854381400251448
青海省,2028,保守情景,减排效率,-0.042939037,-0.29104745,0.20516936,-0.5043319533454829,2.354206742938139,8.70811129848229,0.0,-2.22998979877493,-0.040837000000000005,0.05996833333333334,-1.4854381400251448
青海省,2029,保守情景,减排效率,-0.042778626,-0.29088703,0.20532978,-0.5194619119458473,2.354206742938139,8.70811129848229,0.0,-2.22998979877493,-0.040837000000000005,0.05996833333333334,-1.4854381400251448
黑龙江省,2025,保守情景,减排效率,-0.028808668,-0.27691707,0.21929973,3.1364786770979913,2.110997821192093,3.99471409706174,0.0,-1.27008394904381,-0.040837000000000005,0.05996833333333334,-1.4854381400251448
黑龙江省,2026,保守情景,减排效率,-0.04898506,-0.29709345,0.19912334,3.230573037410931,2.110997821192093,3.99471409706174,0.0,-1.27008394904381,-0.040837000000000005,0.05996833333333334,-1.4854381400251448
黑龙江省,2027,保守情景,减排效率,-0.06612641,-0.31423482,0.18198198,3.327490228533259,2.110997821192093,3.99471409706174,0.0,-1.27008394904381,-0.040837000000000005,0.05996833333333334,-1.4854381400251448
黑龙江省,2028,保守情景,减排效率,-0.072098196,-0.32020658,0.1760102,3.427314935389257,2.110997821192093,3.99471409706174,0.0,-1.27008394904381,-0.040837000000000005,0.05996833333333334,-1.4854381400251448
黑龙江省,2029,保守情景,减排效率,-0.07434175,-0.32245016,0.17376664,3.530134383450935,2.110997821192093,3.99471409706174,0.0,-1.27008394904381,-0.040837000000000005,0.05996833333333334,-1.4854381400251448
上海市,2025,基准情景,减排效率,0.20622331,-0.046530962,0.45897758,3.3773953015356653,0.1316156931538551,5.09475403225806,0.676190948474253,-0.392458679466758,-0.040837000000000005,0.05996833333333334,-1.4854381400251448
上海市,2026,基准情景,减排效率,0.20573734,-0.047016934,0.45849162,3.715134831689232,0.1316156931538551,5.09475403225806,0.676190948474253,-0.392458679466758,-0.040837000000000005,0.05996833333333334,-1.4854381400251448
上海市,2027,基准情景,减排效率,0.20677392,-0.04598035,0.4595282,4.086648314858156,0.1316156931538551,5.09475403225806,0.676190948474253,-0.392458679466758,-0.040837000000000005,0.05996833333333334,-1.4854381400251448
上海市,2028,基准情景,减排效率,0.2099159,-0.042838365,0.46267018,4.495313146343971,0.1316156931538551,5.09475403225806,0.676190948474253,-0.392458679466758,-0.040837000000000005,0.05996833333333334,-1.4854381400251448
上海市,2029,基准情景,减排效率,0.21316901,-0.039585263,0.46592328,4.944844460978369,0.1316156931538551,5.09475403225806,0.676190948474253,-0.392458679466758,-0.040837000000000005,0.05996833333333334,-1.4854381400251448
云南省,2025,基准情景,减排效率,0.18482977,-0.0679245,0.43758404,-1.1191331170051348,0.0527175343517018,3.18215252416756,0.438330394330669,-0.680747220310711,-0.040837000000000005,0.05996833333333334,-1.4854381400251448
云南省,2026,基准情景,减排效率,0.18384004,-0.068914235,0.4365943,-1.2310464287056484,0.0527175343517018,3.18215252416756,0.438330394330669,-0.680747220310711,-0.040837000000000005,0.05996833333333334,-1.4854381400251448
云南省,2027,基准情景,减排效率,0.1835777,-0.06917657,0.436332,-1.3541510715762133,0.0527175343517018,3.18215252416756,0.438330394330669,-0.680747220310711,-0.040837000000000005,0.05996833333333334,-1.4854381400251448
云南省,2028,基准情景,减排效率,0.1842554,-0.068498865,0.4370097,-1.4895661787338346,0.0527175343517018,3.18215252416756,0.438330394330669,-0.680747220310711,-0.040837000000000005,0.05996833333333334,-1.4854381400251448
云南省,2029,基准情景,减排效率,0.18521172,-0.06754255,0.437966,-1.6385227966072182,0.0527175343517018,3.18215252416756,0.438330394330669,-0.680747220310711,-0.040837000000000005,0.05996833333333334,-1.4854381400251448
内蒙古自治区,2025,基准情景,减排效率,-0.18201253,-0.4347668,0.07074174,-1.2832286880605146,0.7423483541456074,11.653885880883,0.0,-3.1491823584626,-0.040837000000000005,0.05996833333333334,-1.4854381400251448
内蒙古自治区,2026,基准情景,减排效率,-0.18540312,-0.43815738,0.06735115,-1.4115515568665662,0.7423483541456074,11.653885880883,0.0,-3.1491823584626,-0.040837000000000005,0.05996833333333334,-1.4854381400251448
内蒙古自治区,2027,基准情景,减排效率,-0.18717194,-0.4399262,0.065582335,-1.552706712553223,0.7423483541456074,11.653885880883,0.0,-3.1491823584626,-0.040837000000000005,0.05996833333333334,-1.4854381400251448
内蒙古自治区,2028,基准情景,减排效率,-0.18825138,-0.44100565,0.064502895,-1.7079773838085452,0.7423483541456074,11.653885880883,0.0,-3.1491823584626,-0.040837000000000005,0.05996833333333334,-1.4854381400251448
内蒙古自治区,2029,基准情景,减排效率,-0.18765529,-0.44040954,0.065098986,-1.8787751221893998,0.7423483541456074,11.653885880883,0.0,-3.1491823584626,-0.040837000000000005,0.05996833333333334,-1.4854381400251448
北京市,2025,基准情景,减排效率,0.28023872,0.027484447,0.53299296,2.157346931983078,0.1246772371702402,3.5089876316995,0.866342174169932,-0.272316754167598,-0.040837000000000005,0.05996833333333334,-1.4854381400251448
北京市,2026,基准情景,减排效率,0.2796091,0.026854843,0.5323634,2.3730816251813858,0.1246772371702402,3.5089876316995,0.866342174169932,-0.272316754167598,-0.040837000000000005,0.05996833333333334,-1.4854381400251448
北京市,2027,基准情景,减排效率,0.28049397,0.027739704,0.53324825,2.610389787699525,0.1246772371702402,3.5089876316995,0.866342174169932,-0.272316754167598,-0.040837000000000005,0.05996833333333334,-1.4854381400251448
北京市,2028,基准情景,减排效率,0.28250095,0.029746681,0.5352552,2.871428766469477,0.1246772371702402,3.5089876316995,0.866342174169932,-0.272316754167598,-0.040837000000000005,0.05996833333333334,-1.4854381400251448
北京市,2029,基准情景,减排效率,0.28508502,0.03233075,0.5378393,3.158571643116425,0.1246772371702402,3.5089876316995,0.866342174169932,-0.272316754167598,-0.040837000000000005,0.05996833333333334,-1.4854381400251448
吉林省,2025,基准情景,减排效率,0.022635927,-0.23011835,0.2753902,2.520891857938134,0.9531585104308832,3.38377211911955,0.0547681419935891,-1.14562716834248,-0.040837000000000005,0.05996833333333334,-1.4854381400251448
吉林省,2026,基准情景,减排效率,-0.0015459935,-0.25430027,0.25120828,2.7729810437319475,0.9531585104308832,3.38377211911955,0.0547681419935891,-1.14562716834248,-0.040837000000000005,0.05996833333333334,-1.4854381400251448
吉林省,2027,基准情景,减排效率,-0.022854099,-0.27560836,0.22990017,3.050279148105143,0.9531585104308832,3.38377211911955,0.0547681419935891,-1.14562716834248,-0.040837000000000005,0.05996833333333334,-1.4854381400251448
吉林省,2028,基准情景,减排效率,-0.03290847,-0.28566274,0.2198458,3.355307062915657,0.9531585104308832,3.38377211911955,0.0547681419935891,-1.14562716834248,-0.040837000000000005,0.05996833333333334,-1.4854381400251448
吉林省,2029,基准情景,减排效率,-0.038323604,-0.29107788,0.21443066,3.690837769207223,0.9531585104308832,3.38377211911955,0.0547681419935891,-1.14562716834248,-0.040837000000000005,0.05996833333333334,-1.4854381400251448
四川省,2025,基准情景,减排效率,0.2432978,-0.009456471,0.4960521,1.950573750513116,0.159667372521137,2.04516399318508,0.655294291788654,-0.417785563472804,-0.040837000000000005,0.05996833333333334,-1.4854381400251448
四川省,2026,基准情景,减排效率,0.23954774,-0.013206527,0.492302,2.1456311255644276,0.159667372521137,2.04516399318508,0.655294291788654,-0.417785563472804,-0.040837000000000005,0.05996833333333334,-1.4854381400251448
四川省,2027,基准情景,减排效率,0.23883194,-0.013922334,0.4915862,2.360194238120871,0.159667372521137,2.04516399318508,0.655294291788654,-0.417785563472804,-0.040837000000000005,0.05996833333333334,-1.4854381400251448
四川省,2028,基准情景,减排效率,0.24058945,-0.012164816,0.4933437,2.596213661932958,0.159667372521137,2.04516399318508,0.655294291788654,-0.417785563472804,-0.040837000000000005,0.05996833333333334,-1.4854381400251448
四川省,2029,基准情景,减排效率,0.24318364,-0.009570628,0.4959379,2.8558350281262537,0.159667372521137,2.04516399318508,0.655294291788654,-0.417785563472804,-0.040837000000000005,0.05996833333333334,-1.4854381400251448
天津市,2025,基准情景,减排效率,0.09460414,-0.15815014,0.3473584,2.5165508491049486,0.056373895241424,6.38269794721408,0.317717951708727,-0.826930286335669,-0.040837000000000005,0.05996833333333334,-1.4854381400251448
天津市,2026,基准情景,减排效率,0.073946886,-0.17880738,0.32670116,2.7682059340154437,0.056373895241424,6.38269794721408,0.317717951708727,-0.826930286335669,-0.040837000000000005,0.05996833333333334,-1.4854381400251448
天津市,2027,基准情景,减排效率,0.05568241,-0.19707187,0.3084367,3.0450265274169888,0.056373895241424,6.38269794721408,0.317717951708727,-0.826930286335669,-0.040837000000000005,0.05996833333333334,-1.4854381400251448
天津市,2028,基准情景,减排效率,0.04714648,-0.20560779,0.29990074,3.3495291801586875,0.056373895241424,6.38269794721408,0.317717951708727,-0.826930286335669,-0.040837000000000005,0.05996833333333334,-1.4854381400251448
天津市,2029,基准情景,减排效率,0.042629324,-0.21012494,0.2953836,3.6844820981745565,0.056373895241424,6.38269794721408,0.317717951708727,-0.826930286335669,-0.040837000000000005,0.05996833333333334,-1.4854381400251448
宁夏回族自治区,2025,基准情景,减排效率,-0.127934,-0.38068825,0.12482028,1.068011137315118,9.879606745656757,11.653885880883,0.0,-3.55756534309806,-0.040837000000000005,0.05996833333333334,-1.4854381400251448
宁夏回族自治区,2026,基准情景,减排效率,-0.12497116,-0.37772542,0.12778312,1.17481225104663,9.879606745656757,11.653885880883,0.0,-3.55756534309806,-0.040837000000000005,0.05996833333333334,-1.4854381400251448
宁夏回族自治区,2027,基准情景,减排效率,-0.12826408,-0.38101834,0.12449019,1.2922934761512932,9.879606745656757,11.653885880883,0.0,-3.55756534309806,-0.040837000000000005,0.05996833333333334,-1.4854381400251448
宁夏回族自治区,2028,基准情景,减排效率,-0.12856342,-0.38131768,0.12419085,1.4215228237664224,9.879606745656757,11.653885880883,0.0,-3.55756534309806,-0.040837000000000005,0.05996833333333334,-1.4854381400251448
宁夏回族自治区,2029,基准情景,减排效率,-0.12810439,-0.38085866,0.12464988,1.5636751061430647,9.879606745656757,11.653885880883,0.0,-3.55756534309806,-0.040837000000000005,0.05996833333333334,-1.4854381400251448
安徽省,2025,基准情景,减排效率,0.057289254,-0.19546501,0.3100435,0.4328623591045007,0.1427510409835418,2.93499918340683,0.0941800881131325,-1.0978596329496,-0.040837000000000005,0.05996833333333334,-1.4854381400251448
安徽省,2026,基准情景,减排效率,0.05343815,-0.19931611,0.30619243,0.4761485950149508,0.1427510409835418,2.93499918340683,0.0941800881131325,-1.0978596329496,-0.040837000000000005,0.05996833333333334,-1.4854381400251448
安徽省,2027,基准情景,减排效率,0.050203063,-0.20255122,0.30295733,0.523763454516446,0.1427510409835418,2.93499918340683,0.0941800881131325,-1.0978596329496,-0.040837000000000005,0.05996833333333334,-1.4854381400251448
安徽省,2028,基准情景,减排效率,0.04844071,-0.20431356,0.30119497,0.5761397999680906,0.1427510409835418,2.93499918340683,0.0941800881131325,-1.0978596329496,-0.040837000000000005,0.05996833333333334,-1.4854381400251448
安徽省,2029,基准情景,减排效率,0.04694135,-0.20581292,0.2996956,0.6337537799648997,0.1427510409835418,2.93499918340683,0.0941800881131325,-1.0978596329496,-0.040837000000000005,0.05996833333333334,-1.4854381400251448
山东省,2025,基准情景,减排效率,-0.05478124,-0.3075355,0.19797303,3.3773953015356653,0.015196954724661,5.44643849206349,0.0187209760709147,-1.18931656822143,-0.040837000000000005,0.05996833333333334,-1.4854381400251448
山东省,2026,基准情景,减排效率,-0.07791625,-0.33067054,0.17483802,3.715134831689232,0.015196954724661,5.44643849206349,0.0187209760709147,-1.18931656822143,-0.040837000000000005,0.05996833333333334,-1.4854381400251448
山东省,2027,基准情景,减排效率,-0.10116189,-0.35391617,0.15159237,4.086648314858156,0.015196954724661,5.44643849206349,0.0187209760709147,-1.18931656822143,-0.040837000000000005,0.05996833333333334,-1.4854381400251448
山东省,2028,基准情景,减排效率,-0.11104194,-0.3637962,0.14171234,4.495313146343971,0.015196954724661,5.44643849206349,0.0187209760709147,-1.18931656822143,-0.040837000000000005,0.05996833333333334,-1.4854381400251448
山东省,2029,基准情景,减排效率,-0.11800365,-0.37075794,0.13475062,4.944844460978369,0.015196954724661,5.44643849206349,0.0187209760709147,-1.18931656822143,-0.040837000000000005,0.05996833333333334,-1.4854381400251448
山西省,2025,基准情景,减排效率,-0.028031921,-0.2807862,0.22472236,-0.023914270157566583,0.4585541308585706,6.18833430063842,0.0,-2.40979039172848,-0.040837000000000005,0.05996833333333334,-1.4854381400251448
山西省,2026,基准情景,减排效率,-0.028168198,-0.28092247,0.22458607,-0.02630569717332324,0.4585541308585706,6.18833430063842,0.0,-2.40979039172848,-0.040837000000000005,0.05996833333333334,-1.4854381400251448
山西省,2027,基准情景,减排效率,-0.029362932,-0.2821172,0.22339134,-0.028936266890655572,0.4585541308585706,6.18833430063842,0.0,-2.40979039172848,-0.040837000000000005,0.05996833333333334,-1.4854381400251448
山西省,2028,基准情景,减排效率,-0.029684888,-0.28243917,0.22306938,-0.03182989357972113,0.4585541308585706,6.18833430063842,0.0,-2.40979039172848,-0.040837000000000005,0.05996833333333334,-1.4854381400251448
山西省,2029,基准情景,减排效率,-0.029611532,-0.2823658,0.22314274,-0.035012882937693245,0.4585541308585706,6.18833430063842,0.0,-2.40979039172848,-0.040837000000000005,0.05996833333333334,-1.4854381400251448
广东省,2025,基准情景,减排效率,0.2104951,-0.04225917,0.4632494,2.9726415314098844,0.0105758653654706,3.34843505477308,0.595164265319013,-0.490663547190007,-0.040837000000000005,0.05996833333333334,-1.4854381400251448
广东省,2026,基准情景,减排效率,0.20665152,-0.046102747,0.45940578,3.2699056845508734,0.0105758653654706,3.34843505477308,0.595164265319013,-0.490663547190007,-0.040837000000000005,0.05996833333333334,-1.4854381400251448
广东省,2027,基准情景,减排效率,0.20533536,-0.047418907,0.45808965,3.596896253005961,0.0105758653654706,3.34843505477308,0.595164265319013,-0.490663547190007,-0.040837000000000005,0.05996833333333334,-1.4854381400251448
广东省,2028,基准情景,减排效率,0.20772675,-0.045027524,0.46048102,3.956585878306557,0.0105758653654706,3.34843505477308,0.595164265319013,-0.490663547190007,-0.040837000000000005,0.05996833333333334,-1.4854381400251448
广东省,2029,基准情景,减排效率,0.21202,-0.040734276,0.46477425,4.352244466137213,0.0105758653654706,3.34843505477308,0.595164265319013,-0.490663547190007,-0.040837000000000005,0.05996833333333334,-1.4854381400251448
广西壮族自治区,2025,基准情景,减排效率,-0.03515426,-0.28790852,0.21760002,3.290797447601167,0.4015197525951677,3.05929982046679,0.0,-1.28898937115611,-0.040837000000000005,0.05996833333333334,-1.4854381400251448
广西壮族自治区,2026,基准情景,减排效率,-0.055670455,-0.3084247,0.19708382,3.619877192361284,0.4015197525951677,3.05929982046679,0.0,-1.28898937115611,-0.040837000000000005,0.05996833333333334,-1.4854381400251448
广西壮族自治区,2027,基准情景,减排效率,-0.07338752,-0.32614177,0.17936675,3.981864911597413,0.4015197525951677,3.05929982046679,0.0,-1.28898937115611,-0.040837000000000005,0.05996833333333334,-1.4854381400251448
广西壮族自治区,2028,基准情景,减排效率,-0.080572024,-0.33332628,0.17218225,4.380051402757155,0.4015197525951677,3.05929982046679,0.0,-1.28898937115611,-0.040837000000000005,0.05996833333333334,-1.4854381400251448
广西壮族自治区,2029,基准情景,减排效率,-0.082912266,-0.33566654,0.169842,4.81805654303287,0.4015197525951677,3.05929982046679,0.0,-1.28898937115611,-0.040837000000000005,0.05996833333333334,-1.4854381400251448
新疆维吾尔自治区,2025,基准情景,减排效率,-0.060900934,-0.3136552,0.19185334,1.1000568263640176,0.2160503747425015,8.27276493915547,0.0,-2.48700181405564,-0.040837000000000005,0.05996833333333334,-1.4854381400251448
新疆维吾尔自治区,2026,基准情景,减排效率,-0.07553684,-0.32829112,0.17721742,1.2100625090004196,0.2160503747425015,8.27276493915547,0.0,-2.48700181405564,-0.040837000000000005,0.05996833333333334,-1.4854381400251448
新疆维吾尔自治区,2027,基准情景,减排效率,-0.09000151,-0.3427558,0.16275276,1.3310687599004616,0.2160503747425015,8.27276493915547,0.0,-2.48700181405564,-0.040837000000000005,0.05996833333333334,-1.4854381400251448
新疆维吾尔自治区,2028,基准情景,减排效率,-0.09665687,-0.34941113,0.15609741,1.4641756358905078,0.2160503747425015,8.27276493915547,0.0,-2.48700181405564,-0.040837000000000005,0.05996833333333334,-1.4854381400251448
新疆维吾尔自治区,2029,基准情景,减排效率,-0.09795983,-0.3507141,0.15479444,1.6105931994795586,0.2160503747425015,8.27276493915547,0.0,-2.48700181405564,-0.040837000000000005,0.05996833333333334,-1.4854381400251448
江苏省,2025,基准情景,减排效率,0.135883,-0.11687127,0.38863727,1.8305362572075812,0.2890969870372533,4.90411095472672,0.427245594760139,-0.694182069587177,-0.040837000000000005,0.05996833333333334,-1.4854381400251448
江苏省,2026,基准情景,减排效率,0.13237023,-0.12038404,0.3851245,2.0135898829283394,0.2890969870372533,4.90411095472672,0.427245594760139,-0.694182069587177,-0.040837000000000005,0.05996833333333334,-1.4854381400251448
江苏省,2027,基准情景,减排效率,0.12783165,-0.12492262,0.3805859,2.2149488712211736,0.2890969870372533,4.90411095472672,0.427245594760139,-0.694182069587177,-0.040837000000000005,0.05996833333333334,-1.4854381400251448
江苏省,2028,基准情景,减排效率,0.12534513,-0.12740915,0.37809938,2.436443758343291,0.2890969870372533,4.90411095472672,0.427245594760139,-0.694182069587177,-0.040837000000000005,0.05996833333333334,-1.4854381400251448
江苏省,2029,基准情景,减排效率,0.12256326,-0.13019101,0.3753175,2.68008813417762,0.2890969870372533,4.90411095472672,0.427245594760139,-0.694182069587177,-0.040837000000000005,0.05996833333333334,-1.4854381400251448
江西省,2025,基准情景,减排效率,0.14093189,-0.11182238,0.39368618,1.4378685192708272,0.7118251589796067,2.65260986457963,0.346853429955026,-0.791617896937358,-0.040837000000000005,0.05996833333333334,-1.4854381400251448
江西省,2026,基准情景,减排效率,0.13230692,-0.12044735,0.3850612,1.58165537119791,0.7118251589796067,2.65260986457963,0.346853429955026,-0.791617896937358,-0.040837000000000005,0.05996833333333334,-1.4854381400251448
江西省,2027,基准情景,减排效率,0.1255263,-0.12722798,0.37828058,1.7398209083177012,0.7118251589796067,2.65260986457963,0.346853429955026,-0.791617896937358,-0.040837000000000005,0.05996833333333334,-1.4854381400251448
江西省,2028,基准情景,减排效率,0.12279546,-0.12995881,0.37554973,1.9138029991494714,0.7118251589796067,2.65260986457963,0.346853429955026,-0.791617896937358,-0.040837000000000005,0.05996833333333334,-1.4854381400251448
江西省,2029,基准情景,减排效率,0.121113636,-0.13164064,0.3738679,2.105183299064419,0.7118251589796067,2.65260986457963,0.346853429955026,-0.791617896937358,-0.040837000000000005,0.05996833333333334,-1.4854381400251448
河北省,2025,基准情景,减排效率,-0.05322694,-0.30598122,0.19952732,2.4485679439211134,0.2448634352335204,4.70202222824614,0.0,-1.64576782601011,-0.040837000000000005,0.05996833333333334,-1.4854381400251448
河北省,2026,基准情景,减排效率,-0.06802558,-0.32077986,0.18472868,2.6934247383132246,0.2448634352335204,4.70202222824614,0.0,-1.64576782601011,-0.040837000000000005,0.05996833333333334,-1.4854381400251448
河北省,2027,基准情景,减排效率,-0.08224166,-0.33499593,0.17051262,2.9627672121445476,0.2448634352335204,4.70202222824614,0.0,-1.64576782601011,-0.040837000000000005,0.05996833333333334,-1.4854381400251448
河北省,2028,基准情景,减排效率,-0.09126552,-0.3440198,0.16148874,3.259043933359002,0.2448634352335204,4.70202222824614,0.0,-1.64576782601011,-0.040837000000000005,0.05996833333333334,-1.4854381400251448
河北省,2029,基准情景,减排效率,-0.099450655,-0.35220492,0.15330362,3.584948326694903,0.2448634352335204,4.70202222824614,0.0,-1.64576782601011,-0.040837000000000005,0.05996833333333334,-1.4854381400251448
河南省,2025,基准情景,减排效率,0.04227734,-0.21047693,0.2950316,0.5401153428793379,0.9306510457619124,2.65406234031681,0.0699960078539488,-1.12717089573832,-0.040837000000000005,0.05996833333333334,-1.4854381400251448
河南省,2026,基准情景,减排效率,0.038748275,-0.21400599,0.29150254,0.5941268771672719,0.9306510457619124,2.65406234031681,0.0699960078539488,-1.12717089573832,-0.040837000000000005,0.05996833333333334,-1.4854381400251448
河南省,2027,基准情景,减排效率,0.035394408,-0.21735987,0.28814867,0.6535395648839991,0.9306510457619124,2.65406234031681,0.0699960078539488,-1.12717089573832,-0.040837000000000005,0.05996833333333334,-1.4854381400251448
河南省,2028,基准情景,减排效率,0.033249483,-0.21950479,0.28600377,0.718893521372399,0.9306510457619124,2.65406234031681,0.0699960078539488,-1.12717089573832,-0.040837000000000005,0.05996833333333334,-1.4854381400251448
河南省,2029,基准情景,减排效率,0.031635158,-0.2211191,0.28438944,0.7907828735096389,0.9306510457619124,2.65406234031681,0.0699960078539488,-1.12717089573832,-0.040837000000000005,0.05996833333333334,-1.4854381400251448
浙江省,2025,基准情景,减排效率,0.18313786,-0.06961641,0.43589213,3.3773953015356653,0.0259112887299097,5.18735532233883,0.589675226020143,-0.497316298571184,-0.040837000000000005,0.05996833333333334,-1.4854381400251448
浙江省,2026,基准情景,减排效率,0.17357662,-0.07917765,0.4263309,3.715134831689232,0.0259112887299097,5.18735532233883,0.589675226020143,-0.497316298571184,-0.040837000000000005,0.05996833333333334,-1.4854381400251448
浙江省,2027,基准情景,减排效率,0.16949691,-0.08325736,0.42225116,4.086648314858156,0.0259112887299097,5.18735532233883,0.589675226020143,-0.497316298571184,-0.040837000000000005,0.05996833333333334,-1.4854381400251448
浙江省,2028,基准情景,减排效率,0.17185512,-0.08089915,0.4246094,4.495313146343971,0.0259112887299097,5.18735532233883,0.589675226020143,-0.497316298571184,-0.040837000000000005,0.05996833333333334,-1.4854381400251448
浙江省,2029,基准情景,减排效率,0.17407109,-0.07868318,0.42682534,4.944844460978369,0.0259112887299097,5.18735532233883,0.589675226020143,-0.497316298571184,-0.040837000000000005,0.05996833333333334,-1.4854381400251448
海南省,2025,基准情景,减排效率,0.16909458,-0.08365969,0.42184883,0.9762603642509903,0.522613002003604,3.46520992366412,0.468561322579346,-0.644107138374686,-0.040837000000000005,0.05996833333333334,-1.4854381400251448
海南省,2026,基准情景,减排效率,0.16904065,-0.08371362,0.42179492,1.0738864006760893,0.522613002003604,3.46520992366412,0.468561322579346,-0.644107138374686,-0.040837000000000005,0.05996833333333334,-1.4854381400251448
海南省,2027,基准情景,减排效率,0.16851595,-0.08423832,0.42127022,1.1812750407436985,0.522613002003604,3.46520992366412,0.468561322579346,-0.644107138374686,-0.040837000000000005,0.05996833333333334,-1.4854381400251448
海南省,2028,基准情景,减排效率,0.16786188,-0.08489239,0.42061615,1.2994025448180684,0.522613002003604,3.46520992366412,0.468561322579346,-0.644107138374686,-0.040837000000000005,0.05996833333333334,-1.4854381400251448
海南省,2029,基准情景,减排效率,0.16661954,-0.08613473,0.4193738,1.4293427992998753,0.522613002003604,3.46520992366412,0.468561322579346,-0.644107138374686,-0.040837000000000005,0.05996833333333334,-1.4854381400251448
湖北省,2025,基准情景,减排效率,0.079940274,-0.172814,0.33269453,2.7273165335082856,0.3267208771432856,3.3361330133699,0.250009568355907,-0.908993287954276,-0.040837000000000005,0.05996833333333334,-1.4854381400251448
湖北省,2026,基准情景,减排效率,0.06802337,-0.1847309,0.32077765,3.000048186859114,0.3267208771432856,3.3361330133699,0.250009568355907,-0.908993287954276,-0.040837000000000005,0.05996833333333334,-1.4854381400251448
湖北省,2027,基准情景,减排效率,0.058802,-0.19395226,0.31155628,3.3000530055450263,0.3267208771432856,3.3361330133699,0.250009568355907,-0.908993287954276,-0.040837000000000005,0.05996833333333334,-1.4854381400251448
湖北省,2028,基准情景,减排效率,0.05551393,-0.19724034,0.3082682,3.630058306099529,0.3267208771432856,3.3361330133699,0.250009568355907,-0.908993287954276,-0.040837000000000005,0.05996833333333334,-1.4854381400251448
湖北省,2029,基准情景,减排效率,0.053953372,-0.19880089,0.30670765,3.993064136709482,0.3267208771432856,3.3361330133699,0.250009568355907,-0.908993287954276,-0.040837000000000005,0.05996833333333334,-1.4854381400251448
湖南省,2025,基准情景,减排效率,0.21349369,-0.03926058,0.46624798,3.3773953015356653,0.4642633052168849,2.27799745548911,0.554239930318733,-0.540264107756758,-0.040837000000000005,0.05996833333333334,-1.4854381400251448
湖南省,2026,基准情景,减排效率,0.21272536,-0.040028915,0.4654796,3.715134831689232,0.4642633052168849,2.27799745548911,0.554239930318733,-0.540264107756758,-0.040837000000000005,0.05996833333333334,-1.4854381400251448
湖南省,2027,基准情景,减排效率,0.21496306,-0.037791207,0.46771735,4.086648314858156,0.4642633052168849,2.27799745548911,0.554239930318733,-0.540264107756758,-0.040837000000000005,0.05996833333333334,-1.4854381400251448
湖南省,2028,基准情景,减排效率,0.22111908,-0.031635195,0.47387335,4.495313146343971,0.4642633052168849,2.27799745548911,0.554239930318733,-0.540264107756758,-0.040837000000000005,0.05996833333333334,-1.4854381400251448
湖南省,2029,基准情景,减排效率,0.22890113,-0.023853138,0.48165542,4.944844460978369,0.4642633052168849,2.27799745548911,0.554239930318733,-0.540264107756758,-0.040837000000000005,0.05996833333333334,-1.4854381400251448
甘肃省,2025,基准情景,减排效率,-0.04026453,-0.2930188,0.21248974,2.0339726925350425,0.847618608156642,3.81288436077336,0.0,-1.88335509078744,-0.040837000000000005,0.05996833333333334,-1.4854381400251448
甘肃省,2026,基准情景,减排效率,-0.050159287,-0.30291355,0.20259498,2.237369961788547,0.847618608156642,3.81288436077336,0.0,-1.88335509078744,-0.040837000000000005,0.05996833333333334,-1.4854381400251448
甘肃省,2027,基准情景,减排效率,-0.060548905,-0.31330317,0.19220537,2.4611069579674023,0.847618608156642,3.81288436077336,0.0,-1.88335509078744,-0.040837000000000005,0.05996833333333334,-1.4854381400251448
甘肃省,2028,基准情景,减排效率,-0.06854532,-0.32129958,0.18420896,2.7072176537641424,0.847618608156642,3.81288436077336,0.0,-1.88335509078744,-0.040837000000000005,0.05996833333333334,-1.4854381400251448
甘肃省,2029,基准情景,减排效率,-0.07570619,-0.32846045,0.17704809,2.977939419140557,0.847618608156642,3.81288436077336,0.0,-1.88335509078744,-0.040837000000000005,0.05996833333333334,-1.4854381400251448
福建省,2025,基准情景,减排效率,0.20707619,-0.04567808,0.45983046,2.4101851044879954,0.3024618687349595,4.33162172668734,0.612296737191706,-0.469898879693911,-0.040837000000000005,0.05996833333333334,-1.4854381400251448
福建省,2026,基准情景,减排效率,0.20157172,-0.051182553,0.45432597,2.651203614936795,0.3024618687349595,4.33162172668734,0.612296737191706,-0.469898879693911,-0.040837000000000005,0.05996833333333334,-1.4854381400251448
福建省,2027,基准情景,减排效率,0.19794986,-0.054804415,0.45070413,2.916323976430475,0.3024618687349595,4.33162172668734,0.612296737191706,-0.469898879693911,-0.040837000000000005,0.05996833333333334,-1.4854381400251448
福建省,2028,基准情景,减排效率,0.19739412,-0.055360153,0.4501484,3.207956374073522,0.3024618687349595,4.33162172668734,0.612296737191706,-0.469898879693911,-0.040837000000000005,0.05996833333333334,-1.4854381400251448
福建省,2029,基准情景,减排效率,0.1977773,-0.05497697,0.45053157,3.528752011480875,0.3024618687349595,4.33162172668734,0.612296737191706,-0.469898879693911,-0.040837000000000005,0.05996833333333334,-1.4854381400251448
贵州省,2025,基准情景,减排效率,0.033650693,-0.21910357,0.28640497,3.3773953015356653,0.2019490803852279,2.93160103626943,0.143313294560675,-1.03830986672314,-0.040837000000000005,0.05996833333333334,-1.4854381400251448
贵州省,2026,基准情景,减排效率,0.017210523,-0.23554374,0.26996478,3.715134831689232,0.2019490803852279,2.93160103626943,0.143313294560675,-1.03830986672314,-0.040837000000000005,0.05996833333333334,-1.4854381400251448
贵州省,2027,基准情景,减排效率,0.0050447835,-0.24770948,0.25779906,4.086648314858156,0.2019490803852279,2.93160103626943,0.143313294560675,-1.03830986672314,-0.040837000000000005,0.05996833333333334,-1.4854381400251448
贵州省,2028,基准情景,减排效率,0.003942729,-0.24881154,0.256697,4.495313146343971,0.2019490803852279,2.93160103626943,0.143313294560675,-1.03830986672314,-0.040837000000000005,0.05996833333333334,-1.4854381400251448
贵州省,2029,基准情景,减排效率,0.005799209,-0.24695507,0.25855348,4.944844460978369,0.2019490803852279,2.93160103626943,0.143313294560675,-1.03830986672314,-0.040837000000000005,0.05996833333333334,-1.4854381400251448
辽宁省,2025,基准情景,减排效率,-0.054654468,-0.30740875,0.1980998,3.3773953015356653,0.6615152992545849,5.83882069795427,0.0,-1.51268278032791,-0.040837000000000005,0.05996833333333334,-1.4854381400251448
辽宁省,2026,基准情景,减排效率,-0.07680547,-0.32955974,0.1759488,3.715134831689232,0.6615152992545849,5.83882069795427,0.0,-1.51268278032791,-0.040837000000000005,0.05996833333333334,-1.4854381400251448
辽宁省,2027,基准情景,减排效率,-0.09662617,-0.34938043,0.15612811,4.086648314858156,0.6615152992545849,5.83882069795427,0.0,-1.51268278032791,-0.040837000000000005,0.05996833333333334,-1.4854381400251448
辽宁省,2028,基准情景,减排效率,-0.10590207,-0.35865635,0.1468522,4.495313146343971,0.6615152992545849,5.83882069795427,0.0,-1.51268278032791,-0.040837000000000005,0.05996833333333334,-1.4854381400251448
辽宁省,2029,基准情景,减排效率,-0.11463371,-0.36738798,0.13812056,4.944844460978369,0.6615152992545849,5.83882069795427,0.0,-1.51268278032791,-0.040837000000000005,0.05996833333333334,-1.4854381400251448
重庆市,2025,基准情景,减排效率,0.19610567,-0.056648597,0.44885993,1.840222464287531,0.2527210715306338,2.76545454545455,0.547244411807783,-0.548742721754905,-0.040837000000000005,0.05996833333333334,-1.4854381400251448
重庆市,2026,基准情景,减排效率,0.1944968,-0.058257475,0.44725108,2.024244710716284,0.2527210715306338,2.76545454545455,0.547244411807783,-0.548742721754905,-0.040837000000000005,0.05996833333333334,-1.4854381400251448
重庆市,2027,基准情景,减排效率,0.1933282,-0.05942607,0.44608247,2.226669181787913,0.2527210715306338,2.76545454545455,0.547244411807783,-0.548742721754905,-0.040837000000000005,0.05996833333333334,-1.4854381400251448
重庆市,2028,基准情景,减排效率,0.19344324,-0.059311032,0.4461975,2.449336099966704,0.2527210715306338,2.76545454545455,0.547244411807783,-0.548742721754905,-0.040837000000000005,0.05996833333333334,-1.4854381400251448
重庆市,2029,基准情景,减排效率,0.19385861,-0.058895662,0.4466129,2.6942697099633746,0.2527210715306338,2.76545454545455,0.547244411807783,-0.548742721754905,-0.040837000000000005,0.05996833333333334,-1.4854381400251448
陕西省,2025,基准情景,减排效率,-0.021823281,-0.27457756,0.23093098,1.1605482469668946,0.6420278681328576,4.71619276498862,0.0,-1.26180068629217,-0.040837000000000005,0.05996833333333334,-1.4854381400251448
陕西省,2026,基准情景,减排效率,-0.020856654,-0.27361092,0.23189762,1.276603071663584,0.6420278681328576,4.71619276498862,0.0,-1.26180068629217,-0.040837000000000005,0.05996833333333334,-1.4854381400251448
陕西省,2027,基准情景,减排效率,-0.02135053,-0.2741048,0.23140374,1.4042633788299428,0.6420278681328576,4.71619276498862,0.0,-1.26180068629217,-0.040837000000000005,0.05996833333333334,-1.4854381400251448
陕西省,2028,基准情景,减排效率,-0.024288494,-0.27704278,0.22846578,1.544689716712937,0.6420278681328576,4.71619276498862,0.0,-1.26180068629217,-0.040837000000000005,0.05996833333333334,-1.4854381400251448
陕西省,2029,基准情景,减排效率,-0.028895421,-0.28164968,0.22385885,1.6991586883842307,0.6420278681328576,4.71619276498862,0.0,-1.26180068629217,-0.040837000000000005,0.05996833333333334,-1.4854381400251448
青海省,2025,基准情景,减排效率,-0.031625424,-0.2843797,0.22112885,-0.4929016492372291,2.354206742938139,8.70811129848229,0.0,-2.22998979877493,-0.040837000000000005,0.05996833333333334,-1.4854381400251448
青海省,2026,基准情景,减排效率,-0.03747213,-0.2902264,0.21528214,-0.5421918141609521,2.354206742938139,8.70811129848229,0.0,-2.22998979877493,-0.040837000000000005,0.05996833333333334,-1.4854381400251448
青海省,2027,基准情景,减排效率,-0.04228576,-0.29504004,0.21046852,-0.5964109955770474,2.354206742938139,8.70811129848229,0.0,-2.22998979877493,-0.040837000000000005,0.05996833333333334,-1.4854381400251448
青海省,2028,基准情景,减排效率,-0.043414287,-0.29616857,0.20933998,-0.656052095134752,2.354206742938139,8.70811129848229,0.0,-2.22998979877493,-0.040837000000000005,0.05996833333333334,-1.4854381400251448
青海省,2029,基准情景,减排效率,-0.0428846,-0.29563886,0.20986967,-0.7216573046482273,2.354206742938139,8.70811129848229,0.0,-2.22998979877493,-0.040837000000000005,0.05996833333333334,-1.4854381400251448
黑龙江省,2025,基准情景,减排效率,-0.02631765,-0.27907193,0.22643661,3.3496374221434864,2.110997821192093,3.99471409706174,0.0,-1.27008394904381,-0.040837000000000005,0.05996833333333334,-1.4854381400251448
黑龙江省,2026,基准情景,减排效率,-0.04497176,-0.29772604,0.2077825,3.684601164357835,2.110997821192093,3.99471409706174,0.0,-1.27008394904381,-0.040837000000000005,0.05996833333333334,-1.4854381400251448
黑龙江省,2027,基准情景,减排效率,-0.062177993,-0.31493226,0.19057629,4.053061280793619,2.110997821192093,3.99471409706174,0.0,-1.27008394904381,-0.040837000000000005,0.05996833333333334,-1.4854381400251448
黑龙江省,2028,基准情景,减排效率,-0.06967188,-0.32242614,0.1830824,4.458367408872981,2.110997821192093,3.99471409706174,0.0,-1.27008394904381,-0.040837000000000005,0.05996833333333334,-1.4854381400251448
黑龙江省,2029,基准情景,减排效率,-0.074308805,-0.32706308,0.17844546,4.90420414976028,2.110997821192093,3.99471409706174,0.0,-1.27008394904381,-0.040837000000000005,0.05996833333333334,-1.4854381400251448
上海市,2025,乐观情景,减排效率,0.210969,-0.04970306,0.47164106,3.6844312380389073,0.1316156931538551,5.09475403225806,0.676190948474253,-0.392458679466758,-0.040837000000000005,0.05996833333333334,-1.4854381400251448
上海市,2026,乐观情景,减排效率,0.21552384,-0.045148224,0.4761959,4.421317485646688,0.1316156931538551,5.09475403225806,0.676190948474253,-0.392458679466758,-0.040837000000000005,0.05996833333333334,-1.4854381400251448
上海市,2027,乐观情景,减排效率,0.22370991,-0.03696215,0.48438197,5.305580982776026,0.1316156931538551,5.09475403225806,0.676190948474253,-0.392458679466758,-0.040837000000000005,0.05996833333333334,-1.4854381400251448
上海市,2028,乐观情景,减排效率,0.23746404,-0.023208022,0.4981361,6.366697179331232,0.1316156931538551,5.09475403225806,0.676190948474253,-0.392458679466758,-0.040837000000000005,0.05996833333333334,-1.4854381400251448
上海市,2029,乐观情景,减排效率,0.25787985,-0.0027922094,0.51855195,7.640036615197476,0.1316156931538551,5.09475403225806,0.676190948474253,-0.392458679466758,-0.040837000000000005,0.05996833333333334,-1.4854381400251448
云南省,2025,乐观情景,减排效率,0.1839539,-0.07671817,0.44462597,-1.2208724912783286,0.0527175343517018,3.18215252416756,0.438330394330669,-0.680747220310711,-0.040837000000000005,0.05996833333333334,-1.4854381400251448
云南省,2026,乐观情景,减排效率,0.18243337,-0.078238696,0.44310543,-1.4650469895339944,0.0527175343517018,3.18215252416756,0.438330394330669,-0.680747220310711,-0.040837000000000005,0.05996833333333334,-1.4854381400251448
云南省,2027,乐观情景,减排效率,0.18206494,-0.07860713,0.44273698,-1.758056387440793,0.0527175343517018,3.18215252416756,0.438330394330669,-0.680747220310711,-0.040837000000000005,0.05996833333333334,-1.4854381400251448
云南省,2028,乐观情景,减排效率,0.18291457,-0.07775749,0.44358665,-2.109667664928952,0.0527175343517018,3.18215252416756,0.438330394330669,-0.680747220310711,-0.040837000000000005,0.05996833333333334,-1.4854381400251448
云南省,2029,乐观情景,减排效率,0.18400647,-0.076665595,0.44467854,-2.5316011979147417,0.0527175343517018,3.18215252416756,0.438330394330669,-0.680747220310711,-0.040837000000000005,0.05996833333333334,-1.4854381400251448
内蒙古自治区,2025,乐观情景,减排效率,-0.1824805,-0.44315255,0.07819156,-1.3998858415205613,0.7423483541456074,11.653885880883,0.0,-3.1491823584626,-0.040837000000000005,0.05996833333333334,-1.4854381400251448
内蒙古自治区,2026,乐观情景,减排效率,-0.18639559,-0.44706765,0.07427648,-1.6798630098246734,0.7423483541456074,11.653885880883,0.0,-3.1491823584626,-0.040837000000000005,0.05996833333333334,-1.4854381400251448
内蒙古自治区,2027,乐观情景,减排效率,-0.18824495,-0.44891703,0.07242711,-2.015835611789608,0.7423483541456074,11.653885880883,0.0,-3.1491823584626,-0.040837000000000005,0.05996833333333334,-1.4854381400251448
内蒙古自治区,2028,乐观情景,减排效率,-0.1881757,-0.44884777,0.07249637,-2.4190027341475298,0.7423483541456074,11.653885880883,0.0,-3.1491823584626,-0.040837000000000005,0.05996833333333334,-1.4854381400251448
内蒙古自治区,2029,乐观情景,减排效率,-0.18424274,-0.44491482,0.07642932,-2.902803280977035,0.7423483541456074,11.653885880883,0.0,-3.1491823584626,-0.040837000000000005,0.05996833333333334,-1.4854381400251448
北京市,2025,乐观情景,减排效率,0.28329116,0.022619098,0.5439632,2.3534693803451754,0.1246772371702402,3.5089876316995,0.866342174169932,-0.272316754167598,-0.040837000000000005,0.05996833333333334,-1.4854381400251448
北京市,2026,乐观情景,减排效率,0.28578183,0.025109768,0.5464539,2.8241632564142103,0.1246772371702402,3.5089876316995,0.866342174169932,-0.272316754167598,-0.040837000000000005,0.05996833333333334,-1.4854381400251448
北京市,2027,乐观情景,减排效率,0.290805,0.03013295,0.5514771,3.388995907697052,0.1246772371702402,3.5089876316995,0.866342174169932,-0.272316754167598,-0.040837000000000005,0.05996833333333334,-1.4854381400251448
北京市,2028,乐观情景,减排效率,0.29862142,0.037949353,0.5592935,4.066795089236463,0.1246772371702402,3.5089876316995,0.866342174169932,-0.272316754167598,-0.040837000000000005,0.05996833333333334,-1.4854381400251448
北京市,2029,乐观情景,减排效率,0.310087,0.049414933,0.57075906,4.880154107083754,0.1246772371702402,3.5089876316995,0.866342174169932,-0.272316754167598,-0.040837000000000005,0.05996833333333334,-1.4854381400251448
吉林省,2025,乐观情景,减排效率,0.024854876,-0.2358172,0.28552693,2.7500638450234187,0.9531585104308832,3.38377211911955,0.0547681419935891,-1.14562716834248,-0.040837000000000005,0.05996833333333334,-1.4854381400251448
吉林省,2026,乐观情景,减排效率,0.0024533065,-0.25821877,0.26312536,3.3000766140281024,0.9531585104308832,3.38377211911955,0.0547681419935891,-1.14562716834248,-0.040837000000000005,0.05996833333333334,-1.4854381400251448
吉林省,2027,乐观情景,减排效率,-0.01754548,-0.27821755,0.24312659,3.9600919368337224,0.9531585104308832,3.38377211911955,0.0547681419935891,-1.14562716834248,-0.040837000000000005,0.05996833333333334,-1.4854381400251448
吉林省,2028,乐观情景,减排效率,-0.025555488,-0.28622755,0.23511657,4.752110324200467,0.9531585104308832,3.38377211911955,0.0547681419935891,-1.14562716834248,-0.040837000000000005,0.05996833333333334,-1.4854381400251448
吉林省,2029,乐观情景,减排效率,-0.025497861,-0.28616992,0.23517421,5.7025323890405595,0.9531585104308832,3.38377211911955,0.0547681419935891,-1.14562716834248,-0.040837000000000005,0.05996833333333334,-1.4854381400251448
四川省,2025,乐观情景,减排效率,0.24608569,-0.014586374,0.50675774,2.127898636923399,0.159667372521137,2.04516399318508,0.655294291788654,-0.417785563472804,-0.040837000000000005,0.05996833333333334,-1.4854381400251448
四川省,2026,乐观情景,减排效率,0.24556033,-0.0151117295,0.5062324,2.553478364308079,0.159667372521137,2.04516399318508,0.655294291788654,-0.417785563472804,-0.040837000000000005,0.05996833333333334,-1.4854381400251448
四川省,2027,乐观情景,减排效率,0.24904795,-0.011624113,0.50972,3.0641740371696944,0.159667372521137,2.04516399318508,0.655294291788654,-0.417785563472804,-0.040837000000000005,0.05996833333333334,-1.4854381400251448
四川省,2028,乐观情景,减排效率,0.25661498,-0.0040570796,0.517287,3.6770088446036335,0.159667372521137,2.04516399318508,0.655294291788654,-0.417785563472804,-0.040837000000000005,0.05996833333333334,-1.4854381400251448
四川省,2029,乐观情景,减排效率,0.26793158,0.007259518,0.5286037,4.41241061352436,0.159667372521137,2.04516399318508,0.655294291788654,-0.417785563472804,-0.040837000000000005,0.05996833333333334,-1.4854381400251448
天津市,2025,乐观情景,减排效率,0.09782699,-0.16284508,0.35849905,2.74532819902358,0.056373895241424,6.38269794721408,0.317717951708727,-0.826930286335669,-0.040837000000000005,0.05996833333333334,-1.4854381400251448
天津市,2026,乐观情景,减排效率,0.079425886,-0.18124618,0.34009796,3.294393838828296,0.056373895241424,6.38269794721408,0.317717951708727,-0.826930286335669,-0.040837000000000005,0.05996833333333334,-1.4854381400251448
天津市,2027,乐观情景,减排效率,0.06257259,-0.19809946,0.32324466,3.9532726065939547,0.056373895241424,6.38269794721408,0.317717951708727,-0.826930286335669,-0.040837000000000005,0.05996833333333334,-1.4854381400251448
天津市,2028,乐观情景,减排效率,0.054177094,-0.20649497,0.31484917,4.743927127912746,0.056373895241424,6.38269794721408,0.317717951708727,-0.826930286335669,-0.040837000000000005,0.05996833333333334,-1.4854381400251448
天津市,2029,乐观情景,减排效率,0.049361415,-0.21131065,0.31003347,5.692712553495294,0.056373895241424,6.38269794721408,0.317717951708727,-0.826930286335669,-0.040837000000000005,0.05996833333333334,-1.4854381400251448
宁夏回族自治区,2025,乐观情景,减排效率,-0.12669525,-0.3873673,0.13397682,1.1651030588892195,9.879606745656757,11.653885880883,0.0,-3.55756534309806,-0.040837000000000005,0.05996833333333334,-1.4854381400251448
宁夏回族自治区,2026,乐观情景,减排效率,-0.12220235,-0.38287443,0.13846971,1.3981236706670634,9.879606745656757,11.653885880883,0.0,-3.55756534309806,-0.040837000000000005,0.05996833333333334,-1.4854381400251448
宁夏回族自治区,2027,乐观情景,减排效率,-0.12387337,-0.38454545,0.1367987,1.677748404800476,9.879606745656757,11.653885880883,0.0,-3.55756534309806,-0.040837000000000005,0.05996833333333334,-1.4854381400251448
宁夏回族自治区,2028,乐观情景,减排效率,-0.12251355,-0.38318563,0.13815852,2.0132980857605713,9.879606745656757,11.653885880883,0.0,-3.55756534309806,-0.040837000000000005,0.05996833333333334,-1.4854381400251448
宁夏回族自治区,2029,乐观情景,减排效率,-0.120331876,-0.38100395,0.14034018,2.415957702912685,9.879606745656757,11.653885880883,0.0,-3.55756534309806,-0.040837000000000005,0.05996833333333334,-1.4854381400251448
安徽省,2025,乐观情景,减排效率,0.057422113,-0.20324995,0.31809416,0.4722134826594553,0.1427510409835418,2.93499918340683,0.0941800881131325,-1.0978596329496,-0.040837000000000005,0.05996833333333334,-1.4854381400251448
安徽省,2026,乐观情景,减排效率,0.053435996,-0.20723607,0.31410807,0.5666561791913464,0.1427510409835418,2.93499918340683,0.0941800881131325,-1.0978596329496,-0.040837000000000005,0.05996833333333334,-1.4854381400251448
安徽省,2027,乐观情景,减排效率,0.049582765,-0.2110893,0.3102548,0.6799874150296156,0.1427510409835418,2.93499918340683,0.0941800881131325,-1.0978596329496,-0.040837000000000005,0.05996833333333334,-1.4854381400251448
安徽省,2028,乐观情景,减排效率,0.046619896,-0.21405217,0.30729195,0.8159848980355388,0.1427510409835418,2.93499918340683,0.0941800881131325,-1.0978596329496,-0.040837000000000005,0.05996833333333334,-1.4854381400251448
安徽省,2029,乐观情景,减排效率,0.043287087,-0.21738498,0.30395916,0.9791818776426463,0.1427510409835418,2.93499918340683,0.0941800881131325,-1.0978596329496,-0.040837000000000005,0.05996833333333334,-1.4854381400251448
山东省,2025,乐观情景,减排效率,-0.051567815,-0.3122399,0.20910424,3.6844312380389073,0.015196954724661,5.44643849206349,0.0187209760709147,-1.18931656822143,-0.040837000000000005,0.05996833333333334,-1.4854381400251448
山东省,2026,乐观情景,减排效率,-0.07195301,-0.3326251,0.18871905,4.421317485646688,0.015196954724661,5.44643849206349,0.0187209760709147,-1.18931656822143,-0.040837000000000005,0.05996833333333334,-1.4854381400251448
山东省,2027,乐观情景,减排效率,-0.092721835,-0.3533939,0.16795023,5.305580982776026,0.015196954724661,5.44643849206349,0.0187209760709147,-1.18931656822143,-0.040837000000000005,0.05996833333333334,-1.4854381400251448
山东省,2028,乐观情景,减排效率,-0.09862906,-0.35930112,0.162043,6.366697179331232,0.015196954724661,5.44643849206349,0.0187209760709147,-1.18931656822143,-0.040837000000000005,0.05996833333333334,-1.4854381400251448
山东省,2029,乐观情景,减排效率,-0.09530057,-0.35597265,0.16537149,7.640036615197476,0.015196954724661,5.44643849206349,0.0187209760709147,-1.18931656822143,-0.040837000000000005,0.05996833333333334,-1.4854381400251448
山西省,2025,乐观情景,减排效率,-0.028035315,-0.28870738,0.23263675,-0.026088294717345358,0.4585541308585706,6.18833430063842,0.0,-2.40979039172848,-0.040837000000000005,0.05996833333333334,-1.4854381400251448
山西省,2026,乐观情景,减排效率,-0.028161561,-0.28883362,0.2325105,-0.03130595366081443,0.4585541308585706,6.18833430063842,0.0,-2.40979039172848,-0.040837000000000005,0.05996833333333334,-1.4854381400251448
山西省,2027,乐观情景,减排效率,-0.029323533,-0.2899956,0.23134853,-0.037567144392977314,0.4585541308585706,6.18833430063842,0.0,-2.40979039172848,-0.040837000000000005,0.05996833333333334,-1.4854381400251448
山西省,2028,乐观情景,减排效率,-0.029584145,-0.2902562,0.23108792,-0.04508057327157278,0.4585541308585706,6.18833430063842,0.0,-2.40979039172848,-0.040837000000000005,0.05996833333333334,-1.4854381400251448
山西省,2029,乐观情景,减排效率,-0.029416908,-0.29008898,0.23125516,-0.05409668792588733,0.4585541308585706,6.18833430063842,0.0,-2.40979039172848,-0.040837000000000005,0.05996833333333334,-1.4854381400251448
广东省,2025,乐观情景,减排效率,0.21469676,-0.045975298,0.47536883,3.2428816706289645,0.0105758653654706,3.34843505477308,0.595164265319013,-0.490663547190007,-0.040837000000000005,0.05996833333333334,-1.4854381400251448
广东省,2026,乐观情景,减排效率,0.21604587,-0.04462619,0.47671795,3.8914580047547576,0.0105758653654706,3.34843505477308,0.595164265319013,-0.490663547190007,-0.040837000000000005,0.05996833333333334,-1.4854381400251448
广东省,2027,乐观情景,减排效率,0.22238304,-0.038289025,0.4830551,4.669749605705708,0.0105758653654706,3.34843505477308,0.595164265319013,-0.490663547190007,-0.040837000000000005,0.05996833333333334,-1.4854381400251448
广东省,2028,乐观情景,减排效率,0.23633108,-0.024340987,0.49700314,5.60369952684685,0.0105758653654706,3.34843505477308,0.595164265319013,-0.490663547190007,-0.040837000000000005,0.05996833333333334,-1.4854381400251448
广东省,2029,乐观情景,减排效率,0.25842422,-0.0022478402,0.51909626,6.7244394322162195,0.0105758653654706,3.34843505477308,0.595164265319013,-0.490663547190007,-0.040837000000000005,0.05996833333333334,-1.4854381400251448
广西壮族自治区,2025,乐观情景,减排效率,-0.03211633,-0.2927884,0.22855574,3.5899608519285455,0.4015197525951677,3.05929982046679,0.0,-1.28898937115611,-0.040837000000000005,0.05996833333333334,-1.4854381400251448
广西壮族自治区,2026,乐观情景,减排效率,-0.048501205,-0.30917326,0.21217085,4.307953022314255,0.4015197525951677,3.05929982046679,0.0,-1.28898937115611,-0.040837000000000005,0.05996833333333334,-1.4854381400251448
广西壮族自治区,2027,乐观情景,减排效率,-0.059939608,-0.32061166,0.20073245,5.169543626777105,0.4015197525951677,3.05929982046679,0.0,-1.28898937115611,-0.040837000000000005,0.05996833333333334,-1.4854381400251448
广西壮族自治区,2028,乐观情景,减排效率,-0.055729017,-0.31640106,0.20494305,6.203452352132526,0.4015197525951677,3.05929982046679,0.0,-1.28898937115611,-0.040837000000000005,0.05996833333333334,-1.4854381400251448
广西壮族自治区,2029,乐观情景,减排效率,-0.03669607,-0.29736814,0.22397599,7.44414282255903,0.4015197525951677,3.05929982046679,0.0,-1.28898937115611,-0.040837000000000005,0.05996833333333334,-1.4854381400251448
新疆维吾尔自治区,2025,乐观情景,减排效率,-0.060153272,-0.32082534,0.20051879,1.20006199239711,0.2160503747425015,8.27276493915547,0.0,-2.48700181405564,-0.040837000000000005,0.05996833333333334,-1.4854381400251448
新疆维吾尔自治区,2026,乐观情景,减排效率,-0.07400566,-0.33467773,0.1866664,1.440074390876532,0.2160503747425015,8.27276493915547,0.0,-2.48700181405564,-0.040837000000000005,0.05996833333333334,-1.4854381400251448
新疆维吾尔自治区,2027,乐观情景,减排效率,-0.08802001,-0.34869206,0.17265205,1.7280892690518384,0.2160503747425015,8.27276493915547,0.0,-2.48700181405564,-0.040837000000000005,0.05996833333333334,-1.4854381400251448
新疆维吾尔自治区,2028,乐观情景,减排效率,-0.09478538,-0.35545743,0.16588669,2.073707122862206,0.2160503747425015,8.27276493915547,0.0,-2.48700181405564,-0.040837000000000005,0.05996833333333334,-1.4854381400251448
新疆维吾尔自治区,2029,乐观情景,减排效率,-0.09696918,-0.35764125,0.16370288,2.488448547434647,0.2160503747425015,8.27276493915547,0.0,-2.48700181405564,-0.040837000000000005,0.05996833333333334,-1.4854381400251448
江苏省,2025,乐观情景,减排效率,0.1379659,-0.12270616,0.39863795,1.996948644226452,0.2890969870372533,4.90411095472672,0.427245594760139,-0.694182069587177,-0.040837000000000005,0.05996833333333334,-1.4854381400251448
江苏省,2026,乐观情景,减排效率,0.13582394,-0.12484813,0.396496,2.3963383730717425,0.2890969870372533,4.90411095472672,0.427245594760139,-0.694182069587177,-0.040837000000000005,0.05996833333333334,-1.4854381400251448
江苏省,2027,乐观情景,减排效率,0.13212891,-0.12854315,0.392801,2.8756060476860905,0.2890969870372533,4.90411095472672,0.427245594760139,-0.694182069587177,-0.040837000000000005,0.05996833333333334,-1.4854381400251448
江苏省,2028,乐观情景,减排效率,0.13007966,-0.1305924,0.39075172,3.450727257223309,0.2890969870372533,4.90411095472672,0.427245594760139,-0.694182069587177,-0.040837000000000005,0.05996833333333334,-1.4854381400251448
江苏省,2029,乐观情景,减排效率,0.12812012,-0.13255194,0.3887922,4.1408727086679695,0.2890969870372533,4.90411095472672,0.427245594760139,-0.694182069587177,-0.040837000000000005,0.05996833333333334,-1.4854381400251448
江西省,2025,乐观情景,减排效率,0.142419,-0.11825307,0.40309107,1.5685838392045386,0.7118251589796067,2.65260986457963,0.346853429955026,-0.791617896937358,-0.040837000000000005,0.05996833333333334,-1.4854381400251448
江西省,2026,乐观情景,减排效率,0.13494623,-0.12572584,0.3956183,1.8823006070454462,0.7118251589796067,2.65260986457963,0.346853429955026,-0.791617896937358,-0.040837000000000005,0.05996833333333334,-1.4854381400251448
江西省,2027,乐观情景,减排效率,0.12883766,-0.1318344,0.38950974,2.2587607284545355,0.7118251589796067,2.65260986457963,0.346853429955026,-0.791617896937358,-0.040837000000000005,0.05996833333333334,-1.4854381400251448
江西省,2028,乐观情景,减排效率,0.12656909,-0.13410297,0.38724115,2.7105128741454427,0.7118251589796067,2.65260986457963,0.346853429955026,-0.791617896937358,-0.040837000000000005,0.05996833333333334,-1.4854381400251448
江西省,2029,乐观情景,减排效率,0.12582935,-0.13484271,0.38650143,3.2526154489745305,0.7118251589796067,2.65260986457963,0.346853429955026,-0.791617896937358,-0.040837000000000005,0.05996833333333334,-1.4854381400251448
河北省,2025,乐观情景,减排效率,-0.05192233,-0.31259438,0.20874974,2.671165029732123,0.2448634352335204,4.70202222824614,0.0,-1.64576782601011,-0.040837000000000005,0.05996833333333334,-1.4854381400251448
河北省,2026,乐观情景,减排效率,-0.066320114,-0.32699218,0.19435194,3.205398035678548,0.2448634352335204,4.70202222824614,0.0,-1.64576782601011,-0.040837000000000005,0.05996833333333334,-1.4854381400251448
河北省,2027,乐观情景,减排效率,-0.08175702,-0.34242907,0.17891505,3.846477642814257,0.2448634352335204,4.70202222824614,0.0,-1.64576782601011,-0.040837000000000005,0.05996833333333334,-1.4854381400251448
河北省,2028,乐观情景,减排效率,-0.093398586,-0.35407066,0.16727348,4.615773171377109,0.2448634352335204,4.70202222824614,0.0,-1.64576782601011,-0.040837000000000005,0.05996833333333334,-1.4854381400251448
河北省,2029,乐观情景,减排效率,-0.10406687,-0.36473894,0.15660518,5.53892780565253,0.2448634352335204,4.70202222824614,0.0,-1.64576782601011,-0.040837000000000005,0.05996833333333334,-1.4854381400251448
河南省,2025,乐观情景,减排效率,0.042516816,-0.21815525,0.3031889,0.5892167376865505,0.9306510457619124,2.65406234031681,0.0699960078539488,-1.12717089573832,-0.040837000000000005,0.05996833333333334,-1.4854381400251448
河南省,2026,乐观情景,减排效率,0.038970552,-0.2217015,0.29964262,0.7070600852238605,0.9306510457619124,2.65406234031681,0.0699960078539488,-1.12717089573832,-0.040837000000000005,0.05996833333333334,-1.4854381400251448
河南省,2027,乐观情景,减排效率,0.03506485,-0.22560722,0.2957369,0.8484721022686326,0.9306510457619124,2.65406234031681,0.0699960078539488,-1.12717089573832,-0.040837000000000005,0.05996833333333334,-1.4854381400251448
河南省,2028,乐观情景,减排效率,0.031728964,-0.2289431,0.29240102,1.018166522722359,0.9306510457619124,2.65406234031681,0.0699960078539488,-1.12717089573832,-0.040837000000000005,0.05996833333333334,-1.4854381400251448
河南省,2029,乐观情景,减排效率,0.02823562,-0.23243645,0.28890768,1.2217998272668307,0.9306510457619124,2.65406234031681,0.0699960078539488,-1.12717089573832,-0.040837000000000005,0.05996833333333334,-1.4854381400251448
浙江省,2025,乐观情景,减排效率,0.18779476,-0.0728773,0.44846684,3.6844312380389073,0.0259112887299097,5.18735532233883,0.589675226020143,-0.497316298571184,-0.040837000000000005,0.05996833333333334,-1.4854381400251448
浙江省,2026,乐观情景,减排效率,0.18313287,-0.07753919,0.44380492,4.421317485646688,0.0259112887299097,5.18735532233883,0.589675226020143,-0.497316298571184,-0.040837000000000005,0.05996833333333334,-1.4854381400251448
浙江省,2027,乐观情景,减排效率,0.18599705,-0.07467501,0.4466691,5.305580982776026,0.0259112887299097,5.18735532233883,0.589675226020143,-0.497316298571184,-0.040837000000000005,0.05996833333333334,-1.4854381400251448
浙江省,2028,乐观情景,减排效率,0.1986605,-0.06201157,0.45933256,6.366697179331232,0.0259112887299097,5.18735532233883,0.589675226020143,-0.497316298571184,-0.040837000000000005,0.05996833333333334,-1.4854381400251448
浙江省,2029,乐观情景,减排效率,0.21814881,-0.04252325,0.47882086,7.640036615197476,0.0259112887299097,5.18735532233883,0.589675226020143,-0.497316298571184,-0.040837000000000005,0.05996833333333334,-1.4854381400251448
海南省,2025,乐观情景,减排效率,0.17010227,-0.090569794,0.43077433,1.0650113064556257,0.522613002003604,3.46520992366412,0.468561322579346,-0.644107138374686,-0.040837000000000005,0.05996833333333334,-1.4854381400251448
海南省,2026,乐观情景,减排效率,0.1706804,-0.08999166,0.43135247,1.2780135677467508,0.522613002003604,3.46520992366412,0.468561322579346,-0.644107138374686,-0.040837000000000005,0.05996833333333334,-1.4854381400251448
海南省,2027,乐观情景,减排效率,0.17036009,-0.090311974,0.43103215,1.5336162812961007,0.522613002003604,3.46520992366412,0.468561322579346,-0.644107138374686,-0.040837000000000005,0.05996833333333334,-1.4854381400251448
海南省,2028,乐观情景,减排效率,0.16951711,-0.09115495,0.4301892,1.840339537555321,0.522613002003604,3.46520992366412,0.468561322579346,-0.644107138374686,-0.040837000000000005,0.05996833333333334,-1.4854381400251448
海南省,2029,乐观情景,减排效率,0.16792722,-0.09274484,0.4285993,2.208407445066385,0.522613002003604,3.46520992366412,0.468561322579346,-0.644107138374686,-0.040837000000000005,0.05996833333333334,-1.4854381400251448
湖北省,2025,乐观情景,减排效率,0.08295255,-0.1777195,0.34362462,2.9752544001908565,0.3267208771432856,3.3361330133699,0.250009568355907,-0.908993287954276,-0.040837000000000005,0.05996833333333334,-1.4854381400251448
湖北省,2026,乐观情景,减排效率,0.074337564,-0.18633449,0.33500963,3.570305280229028,0.3267208771432856,3.3361330133699,0.250009568355907,-0.908993287954276,-0.040837000000000005,0.05996833333333334,-1.4854381400251448
湖北省,2027,乐观情景,减排效率,0.06939723,-0.19127482,0.3300693,4.284366336274833,0.3267208771432856,3.3361330133699,0.250009568355907,-0.908993287954276,-0.040837000000000005,0.05996833333333334,-1.4854381400251448
湖北省,2028,乐观情景,减排效率,0.07306593,-0.18760613,0.333738,5.1412396035298,0.3267208771432856,3.3361330133699,0.250009568355907,-0.908993287954276,-0.040837000000000005,0.05996833333333334,-1.4854381400251448
湖北省,2029,乐观情景,减排效率,0.084226914,-0.17644516,0.34489897,6.169487524235759,0.3267208771432856,3.3361330133699,0.250009568355907,-0.908993287954276,-0.040837000000000005,0.05996833333333334,-1.4854381400251448
湖南省,2025,乐观情景,减排效率,0.218756,-0.041916057,0.47942805,3.6844312380389073,0.4642633052168849,2.27799745548911,0.554239930318733,-0.540264107756758,-0.040837000000000005,0.05996833333333334,-1.4854381400251448
湖南省,2026,乐观情景,减排效率,0.22533019,-0.035341874,0.48600227,4.421317485646688,0.4642633052168849,2.27799745548911,0.554239930318733,-0.540264107756758,-0.040837000000000005,0.05996833333333334,-1.4854381400251448
湖南省,2027,乐观情景,减排效率,0.23847842,-0.02219364,0.49915048,5.305580982776026,0.4642633052168849,2.27799745548911,0.554239930318733,-0.540264107756758,-0.040837000000000005,0.05996833333333334,-1.4854381400251448
湖南省,2028,乐观情景,减排效率,0.26052177,-0.00015029311,0.52119386,6.366697179331232,0.4642633052168849,2.27799745548911,0.554239930318733,-0.540264107756758,-0.040837000000000005,0.05996833333333334,-1.4854381400251448
湖南省,2029,乐观情景,减排效率,0.29065505,0.029982984,0.5513271,7.640036615197476,0.4642633052168849,2.27799745548911,0.554239930318733,-0.540264107756758,-0.040837000000000005,0.05996833333333334,-1.4854381400251448
甘肃省,2025,乐观情景,减排效率,-0.039505176,-0.30017725,0.22116688,2.218879300947319,0.847618608156642,3.81288436077336,0.0,-1.88335509078744,-0.040837000000000005,0.05996833333333334,-1.4854381400251448
甘肃省,2026,乐观情景,减排效率,-0.04949522,-0.31016728,0.21117684,2.662655161136783,0.847618608156642,3.81288436077336,0.0,-1.88335509078744,-0.040837000000000005,0.05996833333333334,-1.4854381400251448
甘肃省,2027,乐观情景,减排效率,-0.061696716,-0.32236877,0.19897535,3.195186193364139,0.847618608156642,3.81288436077336,0.0,-1.88335509078744,-0.040837000000000005,0.05996833333333334,-1.4854381400251448
甘肃省,2028,乐观情景,减排效率,-0.073202886,-0.33387494,0.18746918,3.8342234320369672,0.847618608156642,3.81288436077336,0.0,-1.88335509078744,-0.040837000000000005,0.05996833333333334,-1.4854381400251448
甘肃省,2029,乐观情景,减排效率,-0.08469309,-0.34536517,0.17597897,4.60106811844436,0.847618608156642,3.81288436077336,0.0,-1.88335509078744,-0.040837000000000005,0.05996833333333334,-1.4854381400251448
福建省,2025,乐观情景,减排效率,0.21027718,-0.050394878,0.47094923,2.629292841259631,0.3024618687349595,4.33162172668734,0.612296737191706,-0.469898879693911,-0.040837000000000005,0.05996833333333334,-1.4854381400251448
福建省,2026,乐观情景,减排效率,0.20767541,-0.05299665,0.4683475,3.155151409511557,0.3024618687349595,4.33162172668734,0.612296737191706,-0.469898879693911,-0.040837000000000005,0.05996833333333334,-1.4854381400251448
福建省,2027,乐观情景,减排效率,0.20763849,-0.053033575,0.46831053,3.786181691413868,0.3024618687349595,4.33162172668734,0.612296737191706,-0.469898879693911,-0.040837000000000005,0.05996833333333334,-1.4854381400251448
福建省,2028,乐观情景,减排效率,0.21210402,-0.04856804,0.4727761,4.5434180296966415,0.3024618687349595,4.33162172668734,0.612296737191706,-0.469898879693911,-0.040837000000000005,0.05996833333333334,-1.4854381400251448
福建省,2029,乐观情景,减排效率,0.22078596,-0.039886102,0.481458,5.4521016356359695,0.3024618687349595,4.33162172668734,0.612296737191706,-0.469898879693911,-0.040837000000000005,0.05996833333333334,-1.4854381400251448
贵州省,2025,乐观情景,减排效率,0.037620097,-0.22305197,0.29829216,3.6844312380389073,0.2019490803852279,2.93160103626943,0.143313294560675,-1.03830986672314,-0.040837000000000005,0.05996833333333334,-1.4854381400251448
贵州省,2026,乐观情景,减排效率,0.026962517,-0.23370954,0.28763458,4.421317485646688,0.2019490803852279,2.93160103626943,0.143313294560675,-1.03830986672314,-0.040837000000000005,0.05996833333333334,-1.4854381400251448
贵州省,2027,乐观情景,减排效率,0.024049561,-0.2366225,0.2847216,5.305580982776026,0.2019490803852279,2.93160103626943,0.143313294560675,-1.03830986672314,-0.040837000000000005,0.05996833333333334,-1.4854381400251448
贵州省,2028,乐观情景,减排效率,0.03831756,-0.2223545,0.29898962,6.366697179331232,0.2019490803852279,2.93160103626943,0.143313294560675,-1.03830986672314,-0.040837000000000005,0.05996833333333334,-1.4854381400251448
贵州省,2029,乐观情景,减排效率,0.06584326,-0.19482881,0.32651532,7.640036615197476,0.2019490803852279,2.93160103626943,0.143313294560675,-1.03830986672314,-0.040837000000000005,0.05996833333333334,-1.4854381400251448
辽宁省,2025,乐观情景,减排效率,-0.051403124,-0.3120752,0.20926894,3.6844312380389073,0.6615152992545849,5.83882069795427,0.0,-1.51268278032791,-0.040837000000000005,0.05996833333333334,-1.4854381400251448
辽宁省,2026,乐观情景,减排效率,-0.07148767,-0.33215973,0.1891844,4.421317485646688,0.6615152992545849,5.83882069795427,0.0,-1.51268278032791,-0.040837000000000005,0.05996833333333334,-1.4854381400251448
辽宁省,2027,乐观情景,减排效率,-0.09102979,-0.35170186,0.16964227,5.305580982776026,0.6615152992545849,5.83882069795427,0.0,-1.51268278032791,-0.040837000000000005,0.05996833333333334,-1.4854381400251448
辽宁省,2028,乐观情景,减排效率,-0.10084023,-0.3615123,0.15983182,6.366697179331232,0.6615152992545849,5.83882069795427,0.0,-1.51268278032791,-0.040837000000000005,0.05996833333333334,-1.4854381400251448
辽宁省,2029,乐观情景,减排效率,-0.10710844,-0.3677805,0.15356362,7.640036615197476,0.6615152992545849,5.83882069795427,0.0,-1.51268278032791,-0.040837000000000005,0.05996833333333334,-1.4854381400251448
重庆市,2025,乐观情景,减排效率,0.19838198,-0.062290087,0.45905405,2.007515415586397,0.2527210715306338,2.76545454545455,0.547244411807783,-0.548742721754905,-0.040837000000000005,0.05996833333333334,-1.4854381400251448
重庆市,2026,乐观情景,减排效率,0.19908,-0.061592057,0.45975208,2.4090184987036767,0.2527210715306338,2.76545454545455,0.547244411807783,-0.548742721754905,-0.040837000000000005,0.05996833333333334,-1.4854381400251448
重庆市,2027,乐观情景,减排效率,0.2005574,-0.060114667,0.46122944,2.8908221984444116,0.2527210715306338,2.76545454545455,0.547244411807783,-0.548742721754905,-0.040837000000000005,0.05996833333333334,-1.4854381400251448
重庆市,2028,乐观情景,减排效率,0.20428592,-0.056386143,0.46495798,3.4689866381332943,0.2527210715306338,2.76545454545455,0.547244411807783,-0.548742721754905,-0.040837000000000005,0.05996833333333334,-1.4854381400251448
重庆市,2029,乐观情景,减排效率,0.21056834,-0.050103724,0.4712404,4.162783965759952,0.2527210715306338,2.76545454545455,0.547244411807783,-0.548742721754905,-0.040837000000000005,0.05996833333333334,-1.4854381400251448
陕西省,2025,乐观情景,减排效率,-0.021164248,-0.2818363,0.23950781,1.2660526330547939,0.6420278681328576,4.71619276498862,0.0,-1.26180068629217,-0.040837000000000005,0.05996833333333334,-1.4854381400251448
陕西省,2026,乐观情景,减排效率,-0.020293513,-0.28096557,0.24037854,1.5192631596657526,0.6420278681328576,4.71619276498862,0.0,-1.26180068629217,-0.040837000000000005,0.05996833333333334,-1.4854381400251448
陕西省,2027,乐观情景,减排效率,-0.022179907,-0.28285196,0.23849216,1.823115791598903,0.6420278681328576,4.71619276498862,0.0,-1.26180068629217,-0.040837000000000005,0.05996833333333334,-1.4854381400251448
陕西省,2028,乐观情景,减排效率,-0.028051367,-0.28872344,0.2326207,2.1877389499186837,0.6420278681328576,4.71619276498862,0.0,-1.26180068629217,-0.040837000000000005,0.05996833333333334,-1.4854381400251448
陕西省,2029,乐观情景,减排效率,-0.037197325,-0.29786938,0.22347474,2.6252867399024202,0.6420278681328576,4.71619276498862,0.0,-1.26180068629217,-0.040837000000000005,0.05996833333333334,-1.4854381400251448
青海省,2025,乐观情景,减排效率,-0.032059483,-0.29273155,0.22861257,-0.5377108900769771,2.354206742938139,8.70811129848229,0.0,-2.22998979877493,-0.040837000000000005,0.05996833333333334,-1.4854381400251448
青海省,2026,乐观情景,减排效率,-0.038304426,-0.29897648,0.22236764,-0.6452530680923726,2.354206742938139,8.70811129848229,0.0,-2.22998979877493,-0.040837000000000005,0.05996833333333334,-1.4854381400251448
青海省,2027,乐观情景,减排效率,-0.0433152,-0.30398726,0.21735686,-0.7743036817108471,2.354206742938139,8.70811129848229,0.0,-2.22998979877493,-0.040837000000000005,0.05996833333333334,-1.4854381400251448
青海省,2028,乐观情景,减排效率,-0.044306275,-0.30497834,0.21636578,-0.9291644180530165,2.354206742938139,8.70811129848229,0.0,-2.22998979877493,-0.040837000000000005,0.05996833333333334,-1.4854381400251448
青海省,2029,乐观情景,减排效率,-0.04319405,-0.30386612,0.217478,-1.1149973016636197,2.354206742938139,8.70811129848229,0.0,-2.22998979877493,-0.040837000000000005,0.05996833333333334,-1.4854381400251448
黑龙江省,2025,乐观情景,减排效率,-0.022629647,-0.2833017,0.23804241,3.654149915065621,2.110997821192093,3.99471409706174,0.0,-1.27008394904381,-0.040837000000000005,0.05996833333333334,-1.4854381400251448
黑龙江省,2026,乐观情景,减排效率,-0.037804533,-0.2984766,0.22286753,4.384979898078745,2.110997821192093,3.99471409706174,0.0,-1.27008394904381,-0.040837000000000005,0.05996833333333334,-1.4854381400251448
黑龙江省,2027,乐观情景,减排效率,-0.051551655,-0.31222373,0.20912041,5.261975877694494,2.110997821192093,3.99471409706174,0.0,-1.27008394904381,-0.040837000000000005,0.05996833333333334,-1.4854381400251448
黑龙江省,2028,乐观情景,减排效率,-0.053344473,-0.31401652,0.20732759,6.314371053233393,2.110997821192093,3.99471409706174,0.0,-1.27008394904381,-0.040837000000000005,0.05996833333333334,-1.4854381400251448
黑龙江省,2029,乐观情景,减排效率,-0.045608837,-0.3062809,0.21506323,7.57724526388007,2.110997821192093,3.99471409706174,0.0,-1.27008394904381,-0.040837000000000005,0.05996833333333334,-1.4854381400251448
