省份,年份,情景,预测目标,预测值,95%_下限,95%_上限,gfi_std,indus_2,人均能源消耗,减排效率,碳排放强度
上海市,2025,保守情景,能源强度,0.76220316,0.1047737,1.4196327,3.1624701459833955,0.1316156931538551,5.09475403225806,0.676190948474253,-0.392458679466758
上海市,2026,保守情景,能源强度,0.7418777,0.08444822,1.3993071,3.2573442503628973,0.1316156931538551,5.09475403225806,0.676190948474253,-0.392458679466758
上海市,2027,保守情景,能源强度,0.7222025,0.06477302,1.379632,3.3550645778737844,0.1316156931538551,5.09475403225806,0.676190948474253,-0.392458679466758
上海市,2028,保守情景,能源强度,0.71294945,0.055519998,1.370379,3.455716515209998,0.1316156931538551,5.09475403225806,0.676190948474253,-0.392458679466758
上海市,2029,保守情景,能源强度,0.70749664,0.050067186,1.3649261,3.559388010666298,0.1316156931538551,5.09475403225806,0.676190948474253,-0.392458679466758
云南省,2025,保守情景,能源强度,1.9108455,1.2534161,2.568275,-1.0479155550138988,0.0527175343517018,3.18215252416756,0.438330394330669,-0.680747220310711
云南省,2026,保守情景,能源强度,1.8428826,1.1854532,2.500312,-1.0793530216643157,0.0527175343517018,3.18215252416756,0.438330394330669,-0.680747220310711
云南省,2027,保守情景,能源强度,1.8080205,1.150591,2.4654498,-1.1117336123142452,0.0527175343517018,3.18215252416756,0.438330394330669,-0.680747220310711
云南省,2028,保守情景,能源强度,1.7977397,1.1403103,2.4551692,-1.1450856206836728,0.0527175343517018,3.18215252416756,0.438330394330669,-0.680747220310711
云南省,2029,保守情景,能源强度,1.8093683,1.1519388,2.4667978,-1.179438189304183,0.0527175343517018,3.18215252416756,0.438330394330669,-0.680747220310711
内蒙古自治区,2025,保守情景,能源强度,1.4044263,0.7469969,2.0618558,-1.2015686806384818,0.7423483541456074,11.653885880883,0.0,-3.1491823584626
内蒙古自治区,2026,保守情景,能源强度,1.3620144,0.70458496,2.019444,-1.237615741057636,0.7423483541456074,11.653885880883,0.0,-3.1491823584626
内蒙古自治区,2027,保守情景,能源强度,1.3532563,0.6958269,2.010686,-1.2747442132893654,0.7423483541456074,11.653885880883,0.0,-3.1491823584626
内蒙古自治区,2028,保守情景,能源强度,1.3399267,0.68249726,1.9973562,-1.3129865396880465,0.7423483541456074,11.653885880883,0.0,-3.1491823584626
内蒙古自治区,2029,保守情景,能源强度,1.3450649,0.6876354,2.0024943,-1.3523761358786877,0.7423483541456074,11.653885880883,0.0,-3.1491823584626
北京市,2025,保守情景,能源强度,0.9004005,0.24297106,1.55783,2.020061218129609,0.1246772371702402,3.5089876316995,0.866342174169932,-0.272316754167598
北京市,2026,保守情景,能源强度,0.87009096,0.2126615,1.5275204,2.080663054673497,0.1246772371702402,3.5089876316995,0.866342174169932,-0.272316754167598
北京市,2027,保守情景,能源强度,0.83951443,0.18208498,1.496944,2.143082946313702,0.1246772371702402,3.5089876316995,0.866342174169932,-0.272316754167598
北京市,2028,保守情景,能源强度,0.8285288,0.17109936,1.4859583,2.2073754347031134,0.1246772371702402,3.5089876316995,0.866342174169932,-0.272316754167598
北京市,2029,保守情景,能源强度,0.8221867,0.16475725,1.4796162,2.273596697744207,0.1246772371702402,3.5089876316995,0.866342174169932,-0.272316754167598
吉林省,2025,保守情景,能源强度,1.5191367,0.8617072,2.1765661,2.3604714669784346,0.9531585104308832,3.38377211911955,0.0547681419935891,-1.14562716834248
吉林省,2026,保守情景,能源强度,1.3238536,0.66642416,1.9812831,2.4312856109877874,0.9531585104308832,3.38377211911955,0.0547681419935891,-1.14562716834248
吉林省,2027,保守情景,能源强度,1.1801461,0.52271664,1.8375756,2.504224179317421,0.9531585104308832,3.38377211911955,0.0547681419935891,-1.14562716834248
吉林省,2028,保守情景,能源强度,1.1251245,0.467695,1.7825539,2.5793509046969443,0.9531585104308832,3.38377211911955,0.0547681419935891,-1.14562716834248
吉林省,2029,保守情景,能源强度,1.1127821,0.45535266,1.7702116,2.6567314318378523,0.9531585104308832,3.38377211911955,0.0547681419935891,-1.14562716834248
四川省,2025,保守情景,能源强度,1.334717,0.6772876,1.9921465,1.8264463300259175,0.159667372521137,2.04516399318508,0.655294291788654,-0.417785563472804
四川省,2026,保守情景,能源强度,1.1779066,0.5204772,1.8353361,1.881239719926695,0.159667372521137,2.04516399318508,0.655294291788654,-0.417785563472804
四川省,2027,保守情景,能源强度,1.0686915,0.41126204,1.726121,1.9376769115244958,0.159667372521137,2.04516399318508,0.655294291788654,-0.417785563472804
四川省,2028,保守情景,能源强度,1.0332226,0.3757931,1.690652,1.995807218870231,0.159667372521137,2.04516399318508,0.655294291788654,-0.417785563472804
四川省,2029,保守情景,能源强度,1.0227532,0.36532378,1.6801827,2.055681435436338,0.159667372521137,2.04516399318508,0.655294291788654,-0.417785563472804
天津市,2025,保守情景,能源强度,0.9373567,0.27992725,1.5947862,2.3564067041619063,0.056373895241424,6.38269794721408,0.317717951708727,-0.826930286335669
天津市,2026,保守情景,能源强度,0.8735524,0.21612293,1.5309818,2.4270989052867633,0.056373895241424,6.38269794721408,0.317717951708727,-0.826930286335669
天津市,2027,保守情景,能源强度,0.82914495,0.1717155,1.4865744,2.499911872445366,0.056373895241424,6.38269794721408,0.317717951708727,-0.826930286335669
天津市,2028,保守情景,能源强度,0.8107014,0.15327191,1.4681308,2.574909228618728,0.056373895241424,6.38269794721408,0.317717951708727,-0.826930286335669
天津市,2029,保守情景,能源强度,0.8058264,0.14839697,1.4632559,2.6521565054772895,0.056373895241424,6.38269794721408,0.317717951708727,-0.826930286335669
宁夏回族自治区,2025,保守情景,能源强度,0.8599633,0.20253384,1.5173928,1.0000467922132468,9.879606745656757,11.653885880883,0.0,-3.55756534309806
宁夏回族自治区,2026,保守情景,能源强度,0.82657224,0.16914278,1.4840016,1.0300481959796441,9.879606745656757,11.653885880883,0.0,-3.55756534309806
宁夏回族自治区,2027,保守情景,能源强度,0.80151653,0.14408708,1.458946,1.0609496418590336,9.879606745656757,11.653885880883,0.0,-3.55756534309806
宁夏回族自治区,2028,保守情景,能源强度,0.7900493,0.13261986,1.4474788,1.0927781311148048,9.879606745656757,11.653885880883,0.0,-3.55756534309806
宁夏回族自治区,2029,保守情景,能源强度,0.7889827,0.13155323,1.4464121,1.1255614750482488,9.879606745656757,11.653885880883,0.0,-3.55756534309806
安徽省,2025,保守情景,能源强度,1.8915715,1.2341421,2.549001,0.4053165726160325,0.1427510409835418,2.93499918340683,0.0941800881131325,-1.0978596329496
安徽省,2026,保守情景,能源强度,1.7868811,1.1294516,2.4443107,0.4174760697945134,0.1427510409835418,2.93499918340683,0.0941800881131325,-1.0978596329496
安徽省,2027,保守情景,能源强度,1.7138606,1.0564312,2.3712902,0.43000035188834884,0.1427510409835418,2.93499918340683,0.0941800881131325,-1.0978596329496
安徽省,2028,保守情景,能源强度,1.6753807,1.0179513,2.3328102,0.44290036244499936,0.1427510409835418,2.93499918340683,0.0941800881131325,-1.0978596329496
安徽省,2029,保守情景,能源强度,1.6711124,1.013683,2.3285418,0.4561873733183493,0.1427510409835418,2.93499918340683,0.0941800881131325,-1.0978596329496
山东省,2025,保守情景,能源强度,1.0357002,0.37827075,1.6931297,3.1624701459833955,0.015196954724661,5.44643849206349,0.0187209760709147,-1.18931656822143
山东省,2026,保守情景,能源强度,0.9516304,0.29420096,1.6090598,3.2573442503628973,0.015196954724661,5.44643849206349,0.0187209760709147,-1.18931656822143
山东省,2027,保守情景,能源强度,0.89121866,0.2337892,1.5486481,3.3550645778737844,0.015196954724661,5.44643849206349,0.0187209760709147,-1.18931656822143
山东省,2028,保守情景,能源强度,0.8696974,0.21226794,1.5271268,3.455716515209998,0.015196954724661,5.44643849206349,0.0187209760709147,-1.18931656822143
山东省,2029,保守情景,能源强度,0.86191237,0.20448291,1.5193418,3.559388010666298,0.015196954724661,5.44643849206349,0.0187209760709147,-1.18931656822143
山西省,2025,保守情景,能源强度,1.7859617,1.1285323,2.4433913,-0.022392452965721434,0.4585541308585706,6.18833430063842,0.0,-2.40979039172848
山西省,2026,保守情景,能源强度,1.7677284,1.110299,2.425158,-0.023064226554693076,0.4585541308585706,6.18833430063842,0.0,-2.40979039172848
山西省,2027,保守情景,能源强度,1.7840029,1.1265734,2.4414325,-0.02375615335133387,0.4585541308585706,6.18833430063842,0.0,-2.40979039172848
山西省,2028,保守情景,能源强度,1.7922833,1.1348538,2.4497128,-0.02446883795187389,0.4585541308585706,6.18833430063842,0.0,-2.40979039172848
山西省,2029,保守情景,能源强度,1.7924592,1.1350298,2.4498887,-0.025202903090430103,0.4585541308585706,6.18833430063842,0.0,-2.40979039172848
广东省,2025,保守情景,能源强度,0.95287406,0.2954446,1.6103035,2.783473433956528,0.0105758653654706,3.34843505477308,0.595164265319013,-0.490663547190007
广东省,2026,保守情景,能源强度,0.8904781,0.23304862,1.5479076,2.8669776369752236,0.0105758653654706,3.34843505477308,0.595164265319013,-0.490663547190007
广东省,2027,保守情景,能源强度,0.8417887,0.18435925,1.4992182,2.9529869660844805,0.0105758653654706,3.34843505477308,0.595164265319013,-0.490663547190007
广东省,2028,保守情景,能源强度,0.82449037,0.16706091,1.4819198,3.0415765750670154,0.0105758653654706,3.34843505477308,0.595164265319013,-0.490663547190007
广东省,2029,保守情景,能源强度,0.8164309,0.15900147,1.4738604,3.1328238723190256,0.0105758653654706,3.34843505477308,0.595164265319013,-0.490663547190007
广西壮族自治区,2025,保守情景,能源强度,1.4011278,0.74369836,2.0585573,3.0813830645720017,0.4015197525951677,3.05929982046679,0.0,-1.28898937115611
广西壮族自治区,2026,保守情景,能源强度,1.2428002,0.5853708,1.9002297,3.1738245565091616,0.4015197525951677,3.05929982046679,0.0,-1.28898937115611
广西壮族自治区,2027,保守情景,能源强度,1.132306,0.47487652,1.7897354,3.2690392932044365,0.4015197525951677,3.05929982046679,0.0,-1.28898937115611
广西壮族自治区,2028,保守情景,能源强度,1.0902324,0.43280292,1.7476618,3.36711047200057,0.4015197525951677,3.05929982046679,0.0,-1.28898937115611
广西壮族自治区,2029,保守情景,能源强度,1.0747943,0.41736484,1.7322237,3.468123786160587,0.4015197525951677,3.05929982046679,0.0,-1.28898937115611
新疆维吾尔自治区,2025,保守情景,能源强度,1.6021118,0.94468236,2.2595413,1.0300532101408528,0.2160503747425015,8.27276493915547,0.0,-2.48700181405564
新疆维吾尔自治区,2026,保守情景,能源强度,1.4162306,0.7588011,2.07366,1.0609548064450784,0.2160503747425015,8.27276493915547,0.0,-2.48700181405564
新疆维吾尔自治区,2027,保守情景,能源强度,1.2963673,0.63893783,1.9537967,1.0927834506384309,0.2160503747425015,8.27276493915547,0.0,-2.48700181405564
新疆维吾尔自治区,2028,保守情景,能源强度,1.2427764,0.58534694,1.9002059,1.125566954157584,0.2160503747425015,8.27276493915547,0.0,-2.48700181405564
新疆维吾尔自治区,2029,保守情景,能源强度,1.2386376,0.5812081,1.896067,1.1593339627823112,0.2160503747425015,8.27276493915547,0.0,-2.48700181405564
江苏省,2025,保守情景,能源强度,1.007847,0.3504175,1.6652764,1.7140475862943714,0.2890969870372533,4.90411095472672,0.427245594760139,-0.694182069587177
江苏省,2026,保守情景,能源强度,0.96335644,0.30592698,1.620786,1.7654690138832023,0.2890969870372533,4.90411095472672,0.427245594760139,-0.694182069587177
江苏省,2027,保守情景,能源强度,0.92526156,0.2678321,1.582691,1.8184330842996985,0.2890969870372533,4.90411095472672,0.427245594760139,-0.694182069587177
江苏省,2028,保守情景,能源强度,0.90890515,0.2514757,1.5663346,1.8729860768286897,0.2890969870372533,4.90411095472672,0.427245594760139,-0.694182069587177
江苏省,2029,保守情景,能源强度,0.9034447,0.24601525,1.5608742,1.9291756591335503,0.2890969870372533,4.90411095472672,0.427245594760139,-0.694182069587177
江西省,2025,保守情景,能源强度,1.594267,0.93683755,2.2516966,1.346367795317229,0.7118251589796067,2.65260986457963,0.346853429955026,-0.791617896937358
江西省,2026,保守情景,能源强度,1.4349704,0.7775409,2.0923998,1.3867588291767459,0.7118251589796067,2.65260986457963,0.346853429955026,-0.791617896937358
江西省,2027,保守情景,能源强度,1.3152639,0.6578344,1.9726933,1.4283615940520482,0.7118251589796067,2.65260986457963,0.346853429955026,-0.791617896937358
江西省,2028,保守情景,能源强度,1.2706308,0.6132014,1.9280603,1.4712124418736099,0.7118251589796067,2.65260986457963,0.346853429955026,-0.791617896937358
江西省,2029,保守情景,能源强度,1.2603229,0.6028935,1.9177524,1.515348815129818,0.7118251589796067,2.65260986457963,0.346853429955026,-0.791617896937358
河北省,2025,保守情景,能源强度,1.4285413,0.77111185,2.0859709,2.292749983853406,0.2448634352335204,4.70202222824614,0.0,-1.64576782601011
河北省,2026,保守情景,能源强度,1.3115201,0.65409064,1.9689496,2.361532483369008,0.2448634352335204,4.70202222824614,0.0,-1.64576782601011
河北省,2027,保守情景,能源强度,1.2249479,0.5675185,1.8823774,2.4323784578700782,0.2448634352335204,4.70202222824614,0.0,-1.64576782601011
河北省,2028,保守情景,能源强度,1.1828698,0.52544034,1.8402992,2.5053498116061808,0.2448634352335204,4.70202222824614,0.0,-1.64576782601011
河北省,2029,保守情景,能源强度,1.1715426,0.5141132,1.8289721,2.580510305954366,0.2448634352335204,4.70202222824614,0.0,-1.64576782601011
河南省,2025,保守情景,能源强度,2.0317,1.3742704,2.6891294,0.5057443665142892,0.9306510457619124,2.65406234031681,0.0699960078539488,-1.12717089573832
河南省,2026,保守情景,能源强度,1.913178,1.2557485,2.5706074,0.5209166975097178,0.9306510457619124,2.65406234031681,0.0699960078539488,-1.12717089573832
河南省,2027,保守情景,能源强度,1.838733,1.1813035,2.4961624,0.5365441984350093,0.9306510457619124,2.65406234031681,0.0699960078539488,-1.12717089573832
河南省,2028,保守情景,能源强度,1.7869545,1.1295251,2.444384,0.5526405243880597,0.9306510457619124,2.65406234031681,0.0699960078539488,-1.12717089573832
河南省,2029,保守情景,能源强度,1.7809957,1.1235663,2.438425,0.5692197401197014,0.9306510457619124,2.65406234031681,0.0699960078539488,-1.12717089573832
浙江省,2025,保守情景,能源强度,0.8309705,0.17354107,1.4884,3.1624701459833955,0.0259112887299097,5.18735532233883,0.589675226020143,-0.497316298571184
浙江省,2026,保守情景,能源强度,0.77291536,0.11548591,1.4303448,3.2573442503628973,0.0259112887299097,5.18735532233883,0.589675226020143,-0.497316298571184
浙江省,2027,保守情景,能源强度,0.73943895,0.082009494,1.3968685,3.3550645778737844,0.0259112887299097,5.18735532233883,0.589675226020143,-0.497316298571184
浙江省,2028,保守情景,能源强度,0.7306477,0.07321823,1.3880771,3.455716515209998,0.0259112887299097,5.18735532233883,0.589675226020143,-0.497316298571184
浙江省,2029,保守情景,能源强度,0.72493035,0.06750089,1.3823597,3.559388010666298,0.0259112887299097,5.18735532233883,0.589675226020143,-0.497316298571184
海南省,2025,保守情景,能源强度,1.3227172,0.66528773,1.9801466,0.9141347047077454,0.522613002003604,3.46520992366412,0.468561322579346,-0.644107138374686
海南省,2026,保守情景,能源强度,1.2471662,0.5897367,1.9045956,0.9415587458489777,0.522613002003604,3.46520992366412,0.468561322579346,-0.644107138374686
海南省,2027,保守情景,能源强度,1.1796371,0.5222076,1.8370665,0.9698055082244471,0.522613002003604,3.46520992366412,0.468561322579346,-0.644107138374686
海南省,2028,保守情景,能源强度,1.1499012,0.4924717,1.8073306,0.9988996734711806,0.522613002003604,3.46520992366412,0.468561322579346,-0.644107138374686
海南省,2029,保守情景,能源强度,1.1443374,0.48690796,1.8017669,1.0288666636753159,0.522613002003604,3.46520992366412,0.468561322579346,-0.644107138374686
湖北省,2025,保守情景,能源强度,1.1811329,0.52370346,1.8385624,2.5537600268304854,0.3267208771432856,3.3361330133699,0.250009568355907,-0.908993287954276
湖北省,2026,保守情景,能源强度,1.0847577,0.42732823,1.7421871,2.6303728276353997,0.3267208771432856,3.3361330133699,0.250009568355907,-0.908993287954276
湖北省,2027,保守情景,能源强度,1.0237771,0.36634767,1.6812066,2.7092840124644617,0.3267208771432856,3.3361330133699,0.250009568355907,-0.908993287954276
湖北省,2028,保守情景,能源强度,0.99575746,0.338328,1.6531869,2.790562532838396,0.3267208771432856,3.3361330133699,0.250009568355907,-0.908993287954276
湖北省,2029,保守情景,能源强度,0.98481363,0.32738417,1.6422431,2.8742794088235475,0.3267208771432856,3.3361330133699,0.250009568355907,-0.908993287954276
湖南省,2025,保守情景,能源强度,1.0164154,0.3589859,1.6738448,3.1624701459833955,0.4642633052168849,2.27799745548911,0.554239930318733,-0.540264107756758
湖南省,2026,保守情景,能源强度,0.9353811,0.27795166,1.5928106,3.2573442503628973,0.4642633052168849,2.27799745548911,0.554239930318733,-0.540264107756758
湖南省,2027,保守情景,能源强度,0.8826619,0.22523242,1.5400913,3.3550645778737844,0.4642633052168849,2.27799745548911,0.554239930318733,-0.540264107756758
湖南省,2028,保守情景,能源强度,0.86491764,0.20748818,1.5223471,3.455716515209998,0.4642633052168849,2.27799745548911,0.554239930318733,-0.540264107756758
湖南省,2029,保守情景,能源强度,0.8539679,0.19653845,1.5113974,3.559388010666298,0.4642633052168849,2.27799745548911,0.554239930318733,-0.540264107756758
甘肃省,2025,保守情景,能源强度,1.8795787,1.2221493,2.5370083,1.904538066646449,0.847618608156642,3.81288436077336,0.0,-1.88335509078744
甘肃省,2026,保守情景,能源强度,1.7146972,1.0572678,2.3721266,1.9616742086458423,0.847618608156642,3.81288436077336,0.0,-1.88335509078744
甘肃省,2027,保守情景,能源强度,1.6128365,0.955407,2.270266,2.0205244349052176,0.847618608156642,3.81288436077336,0.0,-1.88335509078744
甘肃省,2028,保守情景,能源强度,1.5563326,0.89890313,2.213762,2.0811401679523747,0.847618608156642,3.81288436077336,0.0,-1.88335509078744
甘肃省,2029,保守情景,能源强度,1.5405545,0.88312507,2.197984,2.1435743729909458,0.847618608156642,3.81288436077336,0.0,-1.88335509078744
福建省,2025,保守情景,能源强度,0.930314,0.27288455,1.5877435,2.25680968874785,0.3024618687349595,4.33162172668734,0.612296737191706,-0.469898879693911
福建省,2026,保守情景,能源强度,0.8779539,0.22052443,1.5353833,2.3245139794102854,0.3024618687349595,4.33162172668734,0.612296737191706,-0.469898879693911
福建省,2027,保守情景,能源强度,0.8384951,0.18106562,1.4959245,2.394249398792594,0.3024618687349595,4.33162172668734,0.612296737191706,-0.469898879693911
福建省,2028,保守情景,能源强度,0.82288694,0.16545749,1.4803164,2.466076880756372,0.3024618687349595,4.33162172668734,0.612296737191706,-0.469898879693911
福建省,2029,保守情景,能源强度,0.8167477,0.15931827,1.4741771,2.540059187179063,0.3024618687349595,4.33162172668734,0.612296737191706,-0.469898879693911
贵州省,2025,保守情景,能源强度,1.218329,0.5608995,1.8757584,3.1624701459833955,0.2019490803852279,2.93160103626943,0.143313294560675,-1.03830986672314
贵州省,2026,保守情景,能源强度,1.0995085,0.44207907,1.756938,3.2573442503628973,0.2019490803852279,2.93160103626943,0.143313294560675,-1.03830986672314
贵州省,2027,保守情景,能源强度,1.0165086,0.35907912,1.673938,3.3550645778737844,0.2019490803852279,2.93160103626943,0.143313294560675,-1.03830986672314
贵州省,2028,保守情景,能源强度,0.9882986,0.33086914,1.6457281,3.455716515209998,0.2019490803852279,2.93160103626943,0.143313294560675,-1.03830986672314
贵州省,2029,保守情景,能源强度,0.9749324,0.31750292,1.6323619,3.559388010666298,0.2019490803852279,2.93160103626943,0.143313294560675,-1.03830986672314
辽宁省,2025,保守情景,能源强度,1.0619307,0.4045012,1.7193601,3.1624701459833955,0.6615152992545849,5.83882069795427,0.0,-1.51268278032791
辽宁省,2026,保守情景,能源强度,0.99794984,0.34052038,1.6553793,3.2573442503628973,0.6615152992545849,5.83882069795427,0.0,-1.51268278032791
辽宁省,2027,保守情景,能源强度,0.9520425,0.29461306,1.609472,3.3550645778737844,0.6615152992545849,5.83882069795427,0.0,-1.51268278032791
辽宁省,2028,保守情景,能源强度,0.9331982,0.27576876,1.5906277,3.455716515209998,0.6615152992545849,5.83882069795427,0.0,-1.51268278032791
辽宁省,2029,保守情景,能源强度,0.9247875,0.26735806,1.582217,3.559388010666298,0.6615152992545849,5.83882069795427,0.0,-1.51268278032791
重庆市,2025,保守情景,能源强度,1.1530012,0.49557173,1.8104306,1.7231173983783243,0.2527210715306338,2.76545454545455,0.547244411807783,-0.548742721754905
重庆市,2026,保守情景,能源强度,1.1011655,0.44373608,1.758595,1.7748109203296738,0.2527210715306338,2.76545454545455,0.547244411807783,-0.548742721754905
重庆市,2027,保守情景,能源强度,1.0563942,0.39896476,1.7138237,1.8280552479395642,0.2527210715306338,2.76545454545455,0.547244411807783,-0.548742721754905
重庆市,2028,保守情景,能源强度,1.0343393,0.37690985,1.6917688,1.8828969053777513,0.2527210715306338,2.76545454545455,0.547244411807783,-0.548742721754905
重庆市,2029,保守情景,能源强度,1.0252002,0.3677708,1.6826297,1.9393838125390839,0.2527210715306338,2.76545454545455,0.547244411807783,-0.548742721754905
陕西省,2025,保守情景,能源强度,1.2845397,0.62711024,1.9419692,1.0866951767053648,0.6420278681328576,4.71619276498862,0.0,-1.26180068629217
陕西省,2026,保守情景,能源强度,1.245045,0.5876155,1.9024744,1.1192960320065257,0.6420278681328576,4.71619276498862,0.0,-1.26180068629217
陕西省,2027,保守情景,能源强度,1.2336177,0.5761882,1.8910471,1.1528749129667215,0.6420278681328576,4.71619276498862,0.0,-1.26180068629217
陕西省,2028,保守情景,能源强度,1.2212794,0.5638499,1.8787088,1.1874611603557232,0.6420278681328576,4.71619276498862,0.0,-1.26180068629217
陕西省,2029,保守情景,能源强度,1.2153499,0.55792046,1.8727794,1.223084995166395,0.6420278681328576,4.71619276498862,0.0,-1.26180068629217
青海省,2025,保守情景,能源强度,1.4332107,0.7757813,2.09064,-0.4615351806494054,2.354206742938139,8.70811129848229,0.0,-2.22998979877493
青海省,2026,保守情景,能源强度,1.3412788,0.68384933,1.9987082,-0.47538123606888755,2.354206742938139,8.70811129848229,0.0,-2.22998979877493
青海省,2027,保守情景,能源强度,1.2874032,0.62997377,1.9448327,-0.4896426731509542,2.354206742938139,8.70811129848229,0.0,-2.22998979877493
青海省,2028,保守情景,能源强度,1.2725217,0.6150923,1.9299512,-0.5043319533454829,2.354206742938139,8.70811129848229,0.0,-2.22998979877493
青海省,2029,保守情景,能源强度,1.2747127,0.6172832,1.9321421,-0.5194619119458473,2.354206742938139,8.70811129848229,0.0,-2.22998979877493
黑龙江省,2025,保守情景,能源强度,1.1814463,0.52401686,1.8388758,3.1364786770979913,2.110997821192093,3.99471409706174,0.0,-1.27008394904381
黑龙江省,2026,保守情景,能源强度,1.0897089,0.43227947,1.7471384,3.230573037410931,2.110997821192093,3.99471409706174,0.0,-1.27008394904381
黑龙江省,2027,保守情景,能源强度,1.0230513,0.3656218,1.6804807,3.327490228533259,2.110997821192093,3.99471409706174,0.0,-1.27008394904381
黑龙江省,2028,保守情景,能源强度,0.99538785,0.3379584,1.6528172,3.427314935389257,2.110997821192093,3.99471409706174,0.0,-1.27008394904381
黑龙江省,2029,保守情景,能源强度,0.98449844,0.32706898,1.641928,3.530134383450935,2.110997821192093,3.99471409706174,0.0,-1.27008394904381
上海市,2025,基准情景,能源强度,0.7598929,0.08387184,1.4359139,3.3773953015356653,0.1316156931538551,5.09475403225806,0.676190948474253,-0.392458679466758
上海市,2026,基准情景,能源强度,0.7342585,0.058237433,1.4102795,3.715134831689232,0.1316156931538551,5.09475403225806,0.676190948474253,-0.392458679466758
上海市,2027,基准情景,能源强度,0.70662403,0.030602992,1.3826451,4.086648314858156,0.1316156931538551,5.09475403225806,0.676190948474253,-0.392458679466758
上海市,2028,基准情景,能源强度,0.68694466,0.010923624,1.3629657,4.495313146343971,0.1316156931538551,5.09475403225806,0.676190948474253,-0.392458679466758
上海市,2029,基准情景,能源强度,0.6690561,-0.006964922,1.3450772,4.944844460978369,0.1316156931538551,5.09475403225806,0.676190948474253,-0.392458679466758
云南省,2025,基准情景,能源强度,1.913003,1.2369819,2.589024,-1.1191331170051348,0.0527175343517018,3.18215252416756,0.438330394330669,-0.680747220310711
云南省,2026,基准情景,能源强度,1.8518572,1.1758361,2.5278783,-1.2310464287056484,0.0527175343517018,3.18215252416756,0.438330394330669,-0.680747220310711
云南省,2027,基准情景,能源强度,1.8305588,1.1545377,2.5065799,-1.3541510715762133,0.0527175343517018,3.18215252416756,0.438330394330669,-0.680747220310711
云南省,2028,基准情景,能源强度,1.8422608,1.1662397,2.518282,-1.4895661787338346,0.0527175343517018,3.18215252416756,0.438330394330669,-0.680747220310711
云南省,2029,基准情景,能源强度,1.8857274,1.2097063,2.5617485,-1.6385227966072182,0.0527175343517018,3.18215252416756,0.438330394330669,-0.680747220310711
内蒙古自治区,2025,基准情景,能源强度,1.4057078,0.7296868,2.081729,-1.2832286880605146,0.7423483541456074,11.653885880883,0.0,-3.1491823584626
内蒙古自治区,2026,基准情景,能源强度,1.3669784,0.69095737,2.0429995,-1.4115515568665662,0.7423483541456074,11.653885880883,0.0,-3.1491823584626
内蒙古自治区,2027,基准情景,能源强度,1.3650805,0.68905944,2.0411015,-1.552706712553223,0.7423483541456074,11.653885880883,0.0,-3.1491823584626
内蒙古自治区,2028,基准情景,能源强度,1.3621907,0.6861697,2.0382118,-1.7079773838085452,0.7423483541456074,11.653885880883,0.0,-3.1491823584626
内蒙古自治区,2029,基准情景,能源强度,1.3821884,0.7061674,2.0582094,-1.8787751221893998,0.7423483541456074,11.653885880883,0.0,-3.1491823584626
北京市,2025,基准情景,能源强度,0.8980585,0.22203743,1.5740795,2.157346931983078,0.1246772371702402,3.5089876316995,0.866342174169932,-0.272316754167598
北京市,2026,基准情景,能源强度,0.86211723,0.18609619,1.5381383,2.3730816251813858,0.1246772371702402,3.5089876316995,0.866342174169932,-0.272316754167598
北京市,2027,基准情景,能源强度,0.8228158,0.14679474,1.4988368,2.610389787699525,0.1246772371702402,3.5089876316995,0.866342174169932,-0.272316754167598
北京市,2028,基准情景,能源强度,0.79975873,0.12373769,1.4757798,2.871428766469477,0.1246772371702402,3.5089876316995,0.866342174169932,-0.272316754167598
北京市,2029,基准情景,能源强度,0.7784095,0.10238844,1.4544306,3.158571643116425,0.1246772371702402,3.5089876316995,0.866342174169932,-0.272316754167598
吉林省,2025,基准情景,能源强度,1.5147338,0.83871275,2.190755,2.520891857938134,0.9531585104308832,3.38377211911955,0.0547681419935891,-1.14562716834248
吉林省,2026,基准情景,能源强度,1.309002,0.632981,1.985023,2.7729810437319475,0.9531585104308832,3.38377211911955,0.0547681419935891,-1.14562716834248
吉林省,2027,基准情景,能源强度,1.1498442,0.47382313,1.8258653,3.050279148105143,0.9531585104308832,3.38377211911955,0.0547681419935891,-1.14562716834248
吉林省,2028,基准情景,能源强度,1.0732163,0.39719528,1.7492373,3.355307062915657,0.9531585104308832,3.38377211911955,0.0547681419935891,-1.14562716834248
吉林省,2029,基准情景,能源强度,1.0319513,0.35593027,1.7079723,3.690837769207223,0.9531585104308832,3.38377211911955,0.0547681419935891,-1.14562716834248
四川省,2025,基准情景,能源强度,1.3309101,0.65488905,2.006931,1.950573750513116,0.159667372521137,2.04516399318508,0.655294291788654,-0.417785563472804
四川省,2026,基准情景,能源强度,1.165281,0.48926002,1.8413022,2.1456311255644276,0.159667372521137,2.04516399318508,0.655294291788654,-0.417785563472804
四川省,2027,基准情景,能源强度,1.0430471,0.36702603,1.719068,2.360194238120871,0.159667372521137,2.04516399318508,0.655294291788654,-0.417785563472804
四川省,2028,基准情景,能源强度,0.9889402,0.31291914,1.6649612,2.596213661932958,0.159667372521137,2.04516399318508,0.655294291788654,-0.417785563472804
四川省,2029,基准情景,能源强度,0.95406353,0.2780425,1.6300845,2.8558350281262537,0.159667372521137,2.04516399318508,0.655294291788654,-0.417785563472804
天津市,2025,基准情景,能源强度,0.93533754,0.2593165,1.6113586,2.5165508491049486,0.056373895241424,6.38269794721408,0.317717951708727,-0.826930286335669
天津市,2026,基准情景,能源强度,0.8669345,0.19091344,1.5429555,2.7682059340154437,0.056373895241424,6.38269794721408,0.317717951708727,-0.826930286335669
天津市,2027,基准情景,能源强度,0.81558913,0.13956809,1.4916102,3.0450265274169888,0.056373895241424,6.38269794721408,0.317717951708727,-0.826930286335669
天津市,2028,基准情景,能源强度,0.7877348,0.11171377,1.4637558,3.3495291801586875,0.056373895241424,6.38269794721408,0.317717951708727,-0.826930286335669
天津市,2029,基准情景,能源强度,0.77077067,0.09474963,1.4467916,3.6844820981745565,0.056373895241424,6.38269794721408,0.317717951708727,-0.826930286335669
宁夏回族自治区,2025,基准情景,能源强度,0.8596269,0.18360585,1.5356479,1.068011137315118,9.879606745656757,11.653885880883,0.0,-3.55756534309806
宁夏回族自治区,2026,基准情景,能源强度,0.8253751,0.14935404,1.5013962,1.17481225104663,9.879606745656757,11.653885880883,0.0,-3.55756534309806
宁夏回族自治区,2027,基准情景,能源强度,0.7989636,0.12294257,1.4749846,1.2922934761512932,9.879606745656757,11.653885880883,0.0,-3.55756534309806
宁夏回族自治区,2028,基准情景,能源强度,0.7855554,0.10953438,1.4615765,1.4215228237664224,9.879606745656757,11.653885880883,0.0,-3.55756534309806
宁夏回族自治区,2029,基准情景,能源强度,0.78174675,0.105725706,1.4577677,1.5636751061430647,9.879606745656757,11.653885880883,0.0,-3.55756534309806
安徽省,2025,基准情景,能源强度,1.890661,1.2146399,2.566682,0.4328623591045007,0.1427510409835418,2.93499918340683,0.0941800881131325,-1.0978596329496
安徽省,2026,基准情景,能源强度,1.7832237,1.1072028,2.4592447,0.4761485950149508,0.1427510409835418,2.93499918340683,0.0941800881131325,-1.0978596329496
安徽省,2027,基准情景,能源强度,1.7050025,1.0289814,2.3810236,0.523763454516446,0.1427510409835418,2.93499918340683,0.0941800881131325,-1.0978596329496
安徽省,2028,基准情景,能源强度,1.6584405,0.98241943,2.3344615,0.5761397999680906,0.1427510409835418,2.93499918340683,0.0941800881131325,-1.0978596329496
安徽省,2029,基准情景,能源强度,1.6427082,0.96668714,2.3187292,0.6337537799648997,0.1427510409835418,2.93499918340683,0.0941800881131325,-1.0978596329496
山东省,2025,基准情景,能源强度,1.032644,0.356623,1.7086651,3.3773953015356653,0.015196954724661,5.44643849206349,0.0187209760709147,-1.18931656822143
山东省,2026,基准情景,能源强度,0.9415133,0.26549226,1.6175344,3.715134831689232,0.015196954724661,5.44643849206349,0.0187209760709147,-1.18931656822143
山东省,2027,基准情景,能源强度,0.870543,0.19452196,1.5465641,4.086648314858156,0.015196954724661,5.44643849206349,0.0187209760709147,-1.18931656822143
山东省,2028,基准情景,能源强度,0.83456165,0.1585406,1.5105827,4.495313146343971,0.015196954724661,5.44643849206349,0.0187209760709147,-1.18931656822143
山东省,2029,基准情景,能源强度,0.8085405,0.13251948,1.4845616,4.944844460978369,0.015196954724661,5.44643849206349,0.0187209760709147,-1.18931656822143
山西省,2025,基准情景,能源强度,1.7859967,1.1099756,2.4620178,-0.023914270157566583,0.4585541308585706,6.18833430063842,0.0,-2.40979039172848
山西省,2026,基准情景,能源强度,1.7678715,1.0918505,2.4438925,-0.02630569717332324,0.4585541308585706,6.18833430063842,0.0,-2.40979039172848
山西省,2027,基准情景,能源强度,1.7843591,1.1083381,2.46038,-0.028936266890655572,0.4585541308585706,6.18833430063842,0.0,-2.40979039172848
山西省,2028,基准情景,能源强度,1.7929806,1.1169596,2.4690015,-0.03182989357972113,0.4585541308585706,6.18833430063842,0.0,-2.40979039172848
山西省,2029,基准情景,能源强度,1.7936367,1.1176157,2.4696577,-0.035012882937693245,0.4585541308585706,6.18833430063842,0.0,-2.40979039172848
广东省,2025,基准情景,能源强度,0.94961005,0.27358902,1.6256311,2.9726415314098844,0.0105758653654706,3.34843505477308,0.595164265319013,-0.490663547190007
广东省,2026,基准情景,能源强度,0.87986237,0.20384133,1.5558834,3.2699056845508734,0.0105758653654706,3.34843505477308,0.595164265319013,-0.490663547190007
广东省,2027,基准情景,能源强度,0.8203888,0.14436775,1.4964099,3.596896253005961,0.0105758653654706,3.34843505477308,0.595164265319013,-0.490663547190007
广东省,2028,基准情景,能源强度,0.78850615,0.11248511,1.4645271,3.956585878306557,0.0105758653654706,3.34843505477308,0.595164265319013,-0.490663547190007
广东省,2029,基准情景,能源强度,0.7625891,0.08656806,1.4386101,4.352244466137213,0.0105758653654706,3.34843505477308,0.595164265319013,-0.490663547190007
广西壮族自治区,2025,基准情景,能源强度,1.3957236,0.71970254,2.0717447,3.290797447601167,0.4015197525951677,3.05929982046679,0.0,-1.28898937115611
广西壮族自治区,2026,基准情景,能源强度,1.2245547,0.5485336,1.9005756,3.619877192361284,0.4015197525951677,3.05929982046679,0.0,-1.28898937115611
广西壮族自治区,2027,基准情景,能源强度,1.0947452,0.41872412,1.7707663,3.981864911597413,0.4015197525951677,3.05929982046679,0.0,-1.28898937115611
广西壮族自治区,2028,基准情景,能源强度,1.0259722,0.3499512,1.7019932,4.380051402757155,0.4015197525951677,3.05929982046679,0.0,-1.28898937115611
广西壮族自治区,2029,基准情景,能源强度,0.9766862,0.30066514,1.6527072,4.81805654303287,0.4015197525951677,3.05929982046679,0.0,-1.28898937115611
新疆维吾尔自治区,2025,基准情景,能源强度,1.6008334,0.9248124,2.2768545,1.1000568263640176,0.2160503747425015,8.27276493915547,0.0,-2.48700181405564
新疆维吾尔自治区,2026,基准情景,能源强度,1.411625,0.735604,2.087646,1.2100625090004196,0.2160503747425015,8.27276493915547,0.0,-2.48700181405564
新疆维吾尔自治区,2027,基准情景,能源强度,1.286342,0.610321,1.962363,1.3310687599004616,0.2160503747425015,8.27276493915547,0.0,-2.48700181405564
新疆维吾尔自治区,2028,基准情景,能源强度,1.2249866,0.5489655,1.9010077,1.4641756358905078,0.2160503747425015,8.27276493915547,0.0,-2.48700181405564
新疆维吾尔自治区,2029,基准情景,能源强度,1.2099352,0.53391415,1.8859563,1.6105931994795586,0.2160503747425015,8.27276493915547,0.0,-2.48700181405564
江苏省,2025,基准情景,能源强度,1.0059106,0.3298896,1.6819317,1.8305362572075812,0.2890969870372533,4.90411095472672,0.427245594760139,-0.694182069587177
江苏省,2026,基准情景,能源强度,0.9566594,0.28063834,1.6326804,2.0135898829283394,0.2890969870372533,4.90411095472672,0.427245594760139,-0.694182069587177
江苏省,2027,基准情景,能源强度,0.9109966,0.23497558,1.5870177,2.2149488712211736,0.2890969870372533,4.90411095472672,0.427245594760139,-0.694182069587177
江苏省,2028,基准情景,能源强度,0.88406837,0.20804733,1.5600893,2.436443758343291,0.2890969870372533,4.90411095472672,0.427245594760139,-0.694182069587177
江苏省,2029,基准情景,能源强度,0.86493427,0.18891323,1.5409553,2.68008813417762,0.2890969870372533,4.90411095472672,0.427245594760139,-0.694182069587177
江西省,2025,基准情景,能源强度,1.5912606,0.9152395,2.2672815,1.4378685192708272,0.7118251589796067,2.65260986457963,0.346853429955026,-0.791617896937358
江西省,2026,基准情景,能源强度,1.4241062,0.7480852,2.1001272,1.58165537119791,0.7118251589796067,2.65260986457963,0.346853429955026,-0.791617896937358
江西省,2027,基准情景,能源强度,1.291592,0.61557096,1.967613,1.7398209083177012,0.7118251589796067,2.65260986457963,0.346853429955026,-0.791617896937358
江西省,2028,基准情景,能源强度,1.2281064,0.55208534,1.9041274,1.9138029991494714,0.7118251589796067,2.65260986457963,0.346853429955026,-0.791617896937358
江西省,2029,基准情景,能源强度,1.1921314,0.51611036,1.8681524,2.105183299064419,0.7118251589796067,2.65260986457963,0.346853429955026,-0.791617896937358
河北省,2025,基准情景,能源强度,1.4251188,0.74909776,2.1011398,2.4485679439211134,0.2448634352335204,4.70202222824614,0.0,-1.64576782601011
河北省,2026,基准情景,能源强度,1.2991945,0.6231734,1.9752154,2.6934247383132246,0.2448634352335204,4.70202222824614,0.0,-1.64576782601011
河北省,2027,基准情景,能源强度,1.1980393,0.52201825,1.8740604,2.9627672121445476,0.2448634352335204,4.70202222824614,0.0,-1.64576782601011
河北省,2028,基准情景,能源强度,1.1353626,0.4593416,1.8113837,3.259043933359002,0.2448634352335204,4.70202222824614,0.0,-1.64576782601011
河北省,2029,基准情景,能源强度,1.0966411,0.42062002,1.7726622,3.584948326694903,0.2448634352335204,4.70202222824614,0.0,-1.64576782601011
河南省,2025,基准情景,能源强度,2.0304952,1.3544741,2.7065163,0.5401153428793379,0.9306510457619124,2.65406234031681,0.0699960078539488,-1.12717089573832
河南省,2026,基准情景,能源强度,1.9082571,1.2322361,2.584278,0.5941268771672719,0.9306510457619124,2.65406234031681,0.0699960078539488,-1.12717089573832
河南省,2027,基准情景,能源强度,1.826638,1.1506169,2.502659,0.6535395648839991,0.9306510457619124,2.65406234031681,0.0699960078539488,-1.12717089573832
河南省,2028,基准情景,能源强度,1.7636975,1.0876765,2.4397185,0.718893521372399,0.9306510457619124,2.65406234031681,0.0699960078539488,-1.12717089573832
河南省,2029,基准情景,能源强度,1.7418339,1.0658128,2.417855,0.7907828735096389,0.9306510457619124,2.65406234031681,0.0699960078539488,-1.12717089573832
浙江省,2025,基准情景,能源强度,0.82842696,0.15240592,1.5044479,3.3773953015356653,0.0259112887299097,5.18735532233883,0.589675226020143,-0.497316298571184
浙江省,2026,基准情景,能源强度,0.7648847,0.08886367,1.4409058,3.715134831689232,0.0259112887299097,5.18735532233883,0.589675226020143,-0.497316298571184
浙江省,2027,基准情景,能源强度,0.7233219,0.047300875,1.399343,4.086648314858156,0.0259112887299097,5.18735532233883,0.589675226020143,-0.497316298571184
浙江省,2028,基准情景,能源强度,0.70358515,0.027564108,1.3796062,4.495313146343971,0.0259112887299097,5.18735532233883,0.589675226020143,-0.497316298571184
浙江省,2029,基准情景,能源强度,0.68478626,0.008765221,1.3608073,4.944844460978369,0.0259112887299097,5.18735532233883,0.589675226020143,-0.497316298571184
海南省,2025,基准情景,能源强度,1.3210795,0.64505845,1.9971006,0.9762603642509903,0.522613002003604,3.46520992366412,0.468561322579346,-0.644107138374686
海南省,2026,基准情景,能源强度,1.2411946,0.56517357,1.9172156,1.0738864006760893,0.522613002003604,3.46520992366412,0.468561322579346,-0.644107138374686
海南省,2027,基准情景,能源强度,1.1664224,0.49040133,1.8424435,1.1812750407436985,0.522613002003604,3.46520992366412,0.468561322579346,-0.644107138374686
海南省,2028,基准情景,能源强度,1.12613,0.45010895,1.802151,1.2994025448180684,0.522613002003604,3.46520992366412,0.468561322579346,-0.644107138374686
海南省,2029,基准情景,能源强度,1.1061584,0.43013734,1.7821794,1.4293427992998753,0.522613002003604,3.46520992366412,0.468561322579346,-0.644107138374686
湖北省,2025,基准情景,能源强度,1.1773149,0.50129384,1.8533359,2.7273165335082856,0.3267208771432856,3.3361330133699,0.250009568355907,-0.908993287954276
湖北省,2026,基准情景,能源强度,1.0718032,0.39578217,1.7478242,3.000048186859114,0.3267208771432856,3.3361330133699,0.250009568355907,-0.908993287954276
湖北省,2027,基准情景,能源强度,0.99645966,0.32043862,1.6724807,3.3000530055450263,0.3267208771432856,3.3361330133699,0.250009568355907,-0.908993287954276
湖北省,2028,基准情景,能源强度,0.94869894,0.2726779,1.62472,3.630058306099529,0.3267208771432856,3.3361330133699,0.250009568355907,-0.908993287954276
湖北省,2029,基准情景,能源强度,0.91273004,0.236709,1.5887511,3.993064136709482,0.3267208771432856,3.3361330133699,0.250009568355907,-0.908993287954276
湖南省,2025,基准情景,能源强度,1.0121098,0.33608872,1.6881309,3.3773953015356653,0.4642633052168849,2.27799745548911,0.554239930318733,-0.540264107756758
湖南省,2026,基准情景,能源强度,0.92154396,0.24552292,1.5975649,3.715134831689232,0.4642633052168849,2.27799745548911,0.554239930318733,-0.540264107756758
湖南省,2027,基准情景,能源强度,0.8548096,0.17878854,1.5308306,4.086648314858156,0.4642633052168849,2.27799745548911,0.554239930318733,-0.540264107756758
湖南省,2028,基准情景,能源强度,0.8180491,0.14202803,1.49407,4.495313146343971,0.4642633052168849,2.27799745548911,0.554239930318733,-0.540264107756758
湖南省,2029,基准情景,能源强度,0.7844952,0.108474135,1.4605162,4.944844460978369,0.4642633052168849,2.27799745548911,0.554239930318733,-0.540264107756758
甘肃省,2025,基准情景,能源强度,1.8757762,1.1997552,2.5517972,2.0339726925350425,0.847618608156642,3.81288436077336,0.0,-1.88335509078744
甘肃省,2026,基准情景,能源强度,1.7000701,1.024049,2.3760912,2.237369961788547,0.847618608156642,3.81288436077336,0.0,-1.88335509078744
甘肃省,2027,基准情景,能源强度,1.5788456,0.9028246,2.2548666,2.4611069579674023,0.847618608156642,3.81288436077336,0.0,-1.88335509078744
甘肃省,2028,基准情景,能源强度,1.4937289,0.81770784,2.16975,2.7072176537641424,0.847618608156642,3.81288436077336,0.0,-1.88335509078744
甘肃省,2029,基准情景,能源强度,1.4389592,0.7629382,2.1149802,2.977939419140557,0.847618608156642,3.81288436077336,0.0,-1.88335509078744
福建省,2025,基准情景,能源强度,0.9278888,0.25186777,1.6039099,2.4101851044879954,0.3024618687349595,4.33162172668734,0.612296737191706,-0.469898879693911
福建省,2026,基准情景,能源强度,0.8699143,0.19389325,1.5459354,2.651203614936795,0.3024618687349595,4.33162172668734,0.612296737191706,-0.469898879693911
福建省,2027,基准情景,能源强度,0.82191193,0.14589089,1.4979329,2.916323976430475,0.3024618687349595,4.33162172668734,0.612296737191706,-0.469898879693911
福建省,2028,基准情景,能源强度,0.7946397,0.11861867,1.4706607,3.207956374073522,0.3024618687349595,4.33162172668734,0.612296737191706,-0.469898879693911
福建省,2029,基准情景,能源强度,0.77382714,0.097806096,1.4498482,3.528752011480875,0.3024618687349595,4.33162172668734,0.612296737191706,-0.469898879693911
贵州省,2025,基准情景,能源强度,1.2134135,0.53739244,1.8894346,3.3773953015356653,0.2019490803852279,2.93160103626943,0.143313294560675,-1.03830986672314
贵州省,2026,基准情景,能源强度,1.0832278,0.4072067,1.7592487,3.715134831689232,0.2019490803852279,2.93160103626943,0.143313294560675,-1.03830986672314
贵州省,2027,基准情景,能源强度,0.9833465,0.30732548,1.6593676,4.086648314858156,0.2019490803852279,2.93160103626943,0.143313294560675,-1.03830986672314
贵州省,2028,基准情景,能源强度,0.93182117,0.25580013,1.6078422,4.495313146343971,0.2019490803852279,2.93160103626943,0.143313294560675,-1.03830986672314
贵州省,2029,基准情景,能源强度,0.88980937,0.21378833,1.5658305,4.944844460978369,0.2019490803852279,2.93160103626943,0.143313294560675,-1.03830986672314
辽宁省,2025,基准情景,能源强度,1.0589619,0.38294083,1.734983,3.3773953015356653,0.6615152992545849,5.83882069795427,0.0,-1.51268278032791
辽宁省,2026,基准情景,能源强度,0.98774666,0.31172562,1.6637677,3.715134831689232,0.6615152992545849,5.83882069795427,0.0,-1.51268278032791
辽宁省,2027,基准情景,能源强度,0.9304625,0.25444144,1.6064835,4.086648314858156,0.6615152992545849,5.83882069795427,0.0,-1.51268278032791
辽宁省,2028,基准情景,能源强度,0.8959031,0.21988207,1.5719242,4.495313146343971,0.6615152992545849,5.83882069795427,0.0,-1.51268278032791
辽宁省,2029,基准情景,能源强度,0.86762416,0.19160312,1.5436451,4.944844460978369,0.6615152992545849,5.83882069795427,0.0,-1.51268278032791
重庆市,2025,基准情景,能源强度,1.1501535,0.47413248,1.8261745,1.840222464287531,0.2527210715306338,2.76545454545455,0.547244411807783,-0.548742721754905
重庆市,2026,基准情景,能源强度,1.0910004,0.4149794,1.7670214,2.024244710716284,0.2527210715306338,2.76545454545455,0.547244411807783,-0.548742721754905
重庆市,2027,基准情景,能源强度,1.0342047,0.35818368,1.7102258,2.226669181787913,0.2527210715306338,2.76545454545455,0.547244411807783,-0.548742721754905
重庆市,2028,基准情景,能源强度,0.9951593,0.3191383,1.6711804,2.449336099966704,0.2527210715306338,2.76545454545455,0.547244411807783,-0.548742721754905
重庆市,2029,基准情景,能源强度,0.9640949,0.28807384,1.640116,2.6942697099633746,0.2527210715306338,2.76545454545455,0.547244411807783,-0.548742721754905
陕西省,2025,基准情景,能源强度,1.2829566,0.60693556,1.9589777,1.1605482469668946,0.6420278681328576,4.71619276498862,0.0,-1.26180068629217
陕西省,2026,基准情景,能源强度,1.2391219,0.5631009,1.915143,1.276603071663584,0.6420278681328576,4.71619276498862,0.0,-1.26180068629217
陕西省,2027,基准情景,能源强度,1.2198502,0.54382914,1.8958712,1.4042633788299428,0.6420278681328576,4.71619276498862,0.0,-1.26180068629217
陕西省,2028,基准情景,能源强度,1.1960082,0.51998717,1.8720293,1.544689716712937,0.6420278681328576,4.71619276498862,0.0,-1.26180068629217
陕西省,2029,基准情景,能源强度,1.1747628,0.4987418,1.8507838,1.6991586883842307,0.6420278681328576,4.71619276498862,0.0,-1.26180068629217
青海省,2025,基准情景,能源强度,1.4338237,0.75780267,2.1098447,-0.4929016492372291,2.354206742938139,8.70811129848229,0.0,-2.22998979877493
青海省,2026,基准情景,能源强度,1.3435512,0.6675301,2.0195723,-0.5421918141609521,2.354206742938139,8.70811129848229,0.0,-2.22998979877493
青海省,2027,基准情景,能源强度,1.2925797,0.6165586,1.9686007,-0.5964109955770474,2.354206742938139,8.70811129848229,0.0,-2.22998979877493
青海省,2028,基准情景,能源强度,1.282126,0.6061049,1.958147,-0.656052095134752,2.354206742938139,8.70811129848229,0.0,-2.22998979877493
青海省,2029,基准情景,能源强度,1.2905378,0.6145168,1.9665589,-0.7216573046482273,2.354206742938139,8.70811129848229,0.0,-2.22998979877493
黑龙江省,2025,基准情景,能源强度,1.1775798,0.5015587,1.8536007,3.3496374221434864,2.110997821192093,3.99471409706174,0.0,-1.27008394904381
黑龙江省,2026,基准情景,能源强度,1.0766087,0.40058762,1.7526298,3.684601164357835,2.110997821192093,3.99471409706174,0.0,-1.27008394904381
黑龙江省,2027,基准情景,能源强度,0.99569595,0.3196749,1.6717169,4.053061280793619,2.110997821192093,3.99471409706174,0.0,-1.27008394904381
黑龙江省,2028,基准情景,能源强度,0.9483354,0.27231437,1.6243565,4.458367408872981,2.110997821192093,3.99471409706174,0.0,-1.27008394904381
黑龙江省,2029,基准情景,能源强度,0.91238475,0.23636371,1.5884058,4.90420414976028,2.110997821192093,3.99471409706174,0.0,-1.27008394904381
上海市,2025,乐观情景,能源强度,0.75664645,0.04916179,1.4641311,3.6844312380389073,0.1316156931538551,5.09475403225806,0.676190948474253,-0.392458679466758
上海市,2026,乐观情景,能源强度,0.72340125,0.015916586,1.4308859,4.421317485646688,0.1316156931538551,5.09475403225806,0.676190948474253,-0.392458679466758
上海市,2027,乐观情景,能源强度,0.6844763,-0.023008347,1.391961,5.305580982776026,0.1316156931538551,5.09475403225806,0.676190948474253,-0.392458679466758
上海市,2028,乐观情景,能源强度,0.65081877,-0.056665897,1.3583034,6.366697179331232,0.1316156931538551,5.09475403225806,0.676190948474253,-0.392458679466758
上海市,2029,乐观情景,能源强度,0.61820406,-0.089280605,1.3256887,7.640036615197476,0.1316156931538551,5.09475403225806,0.676190948474253,-0.392458679466758
云南省,2025,乐观情景,能源强度,1.9160501,1.2085655,2.6235347,-1.2208724912783286,0.0527175343517018,3.18215252416756,0.438330394330669,-0.680747220310711
云南省,2026,乐观情景,能源强度,1.8649813,1.1574967,2.572466,-1.4650469895339944,0.0527175343517018,3.18215252416756,0.438330394330669,-0.680747220310711
云南省,2027,乐观情景,能源强度,1.8648542,1.1573696,2.5723388,-1.758056387440793,0.0527175343517018,3.18215252416756,0.438330394330669,-0.680747220310711
云南省,2028,乐观情景,能源强度,1.9130678,1.2055831,2.6205525,-2.109667664928952,0.0527175343517018,3.18215252416756,0.438330394330669,-0.680747220310711
云南省,2029,乐观情景,能源强度,2.0129142,1.3054295,2.720399,-2.5316011979147417,0.0527175343517018,3.18215252416756,0.438330394330669,-0.680747220310711
内蒙古自治区,2025,乐观情景,能源强度,1.4075416,0.70005697,2.1150262,-1.3998858415205613,0.7423483541456074,11.653885880883,0.0,-3.1491823584626
内蒙古自治区,2026,乐观情景,能源强度,1.3744255,0.66694087,2.0819101,-1.6798630098246734,0.7423483541456074,11.653885880883,0.0,-3.1491823584626
内蒙古自治区,2027,乐观情景,能源强度,1.3838391,0.67635447,2.0913239,-2.015835611789608,0.7423483541456074,11.653885880883,0.0,-3.1491823584626
内蒙古自治区,2028,乐观情景,能源强度,1.3999027,0.69241804,2.1073873,-2.4190027341475298,0.7423483541456074,11.653885880883,0.0,-3.1491823584626
内蒙古自治区,2029,乐观情景,能源强度,1.4499387,0.742454,2.1574233,-2.902803280977035,0.7423483541456074,11.653885880883,0.0,-3.1491823584626
北京市,2025,乐观情景,能源强度,0.89474154,0.18725687,1.6022263,2.3534693803451754,0.1246772371702402,3.5089876316995,0.866342174169932,-0.272316754167598
北京市,2026,乐观情景,能源强度,0.8505745,0.14308983,1.5580592,2.8241632564142103,0.1246772371702402,3.5089876316995,0.866342174169932,-0.272316754167598
北京市,2027,乐观情景,能源强度,0.79842216,0.090937495,1.5059068,3.388995907697052,0.1246772371702402,3.5089876316995,0.866342174169932,-0.272316754167598
北京市,2028,乐观情景,能源强度,0.7580255,0.050540864,1.4655101,4.066795089236463,0.1246772371702402,3.5089876316995,0.866342174169932,-0.272316754167598
北京市,2029,乐观情景,能源强度,0.7165588,0.0090741515,1.4240434,4.880154107083754,0.1246772371702402,3.5089876316995,0.866342174169932,-0.272316754167598
吉林省,2025,乐观情景,能源强度,1.5084615,0.8009768,2.2159462,2.7500638450234187,0.9531585104308832,3.38377211911955,0.0547681419935891,-1.14562716834248
吉林省,2026,乐观情景,能源强度,1.2873765,0.57989186,1.9948611,3.3000766140281024,0.9531585104308832,3.38377211911955,0.0547681419935891,-1.14562716834248
吉林省,2027,乐观情景,能源强度,1.1053345,0.39784986,1.8128192,3.9600919368337224,0.9531585104308832,3.38377211911955,0.0547681419935891,-1.14562716834248
吉林省,2028,乐观情景,能源强度,0.99759,0.29010534,1.7050747,4.752110324200467,0.9531585104308832,3.38377211911955,0.0547681419935891,-1.14562716834248
吉林省,2029,乐观情景,能源强度,0.9177318,0.21024716,1.6252165,5.7025323890405595,0.9531585104308832,3.38377211911955,0.0547681419935891,-1.14562716834248
四川省,2025,乐观情景,能源强度,1.3254808,0.61799616,2.0329654,2.127898636923399,0.159667372521137,2.04516399318508,0.655294291788654,-0.417785563472804
四川省,2026,乐观情景,能源强度,1.1468892,0.43940455,1.8543739,2.553478364308079,0.159667372521137,2.04516399318508,0.655294291788654,-0.417785563472804
四川省,2027,乐观情景,能源强度,1.0054784,0.29799372,1.7129631,3.0641740371696944,0.159667372521137,2.04516399318508,0.655294291788654,-0.417785563472804
四川省,2028,乐观情景,能源强度,0.9248888,0.21740413,1.6323735,3.6770088446036335,0.159667372521137,2.04516399318508,0.655294291788654,-0.417785563472804
四川省,2029,乐观情景,能源强度,0.85816795,0.15068328,1.5656526,4.41241061352436,0.159667372521137,2.04516399318508,0.655294291788654,-0.417785563472804
天津市,2025,乐观情景,能源强度,0.93248314,0.22499847,1.6399678,2.74532819902358,0.056373895241424,6.38269794721408,0.317717951708727,-0.826930286335669
天津市,2026,乐观情景,能源强度,0.85732263,0.14983797,1.5648073,3.294393838828296,0.056373895241424,6.38269794721408,0.317717951708727,-0.826930286335669
天津市,2027,乐观情景,能源强度,0.79546964,0.08798498,1.5029542,3.9532726065939547,0.056373895241424,6.38269794721408,0.317717951708727,-0.826930286335669
天津市,2028,乐观情景,能源强度,0.75319666,0.045711994,1.4606813,4.743927127912746,0.056373895241424,6.38269794721408,0.317717951708727,-0.826930286335669
天津市,2029,乐观情景,能源强度,0.7180408,0.010556161,1.4255254,5.692712553495294,0.056373895241424,6.38269794721408,0.317717951708727,-0.826930286335669
宁夏回族自治区,2025,乐观情景,能源强度,0.8591517,0.15166706,1.5666363,1.1651030588892195,9.879606745656757,11.653885880883,0.0,-3.55756534309806
宁夏回族自治区,2026,乐观情景,能源强度,0.8236323,0.11614764,1.531117,1.3981236706670634,9.879606745656757,11.653885880883,0.0,-3.55756534309806
宁夏回族自治区,2027,乐观情景,能源强度,0.7951322,0.08764756,1.5026169,1.677748404800476,9.879606745656757,11.653885880883,0.0,-3.55756534309806
宁夏回族自治区,2028,乐观情景,能源强度,0.7786228,0.07113814,1.4861075,2.0132980857605713,9.879606745656757,11.653885880883,0.0,-3.55756534309806
宁夏回族自治区,2029,乐观情景,能源强度,0.77035093,0.06286627,1.4778357,2.415957702912685,9.879606745656757,11.653885880883,0.0,-3.55756534309806
安徽省,2025,乐观情景,能源强度,1.889357,1.1818724,2.5968416,0.4722134826594553,0.1427510409835418,2.93499918340683,0.0941800881131325,-1.0978596329496
安徽省,2026,乐观情景,能源强度,1.7777741,1.0702894,2.4852588,0.5666561791913464,0.1427510409835418,2.93499918340683,0.0941800881131325,-1.0978596329496
安徽省,2027,乐观情景,能源强度,1.6912526,0.9837679,2.3987372,0.6799874150296156,0.1427510409835418,2.93499918340683,0.0941800881131325,-1.0978596329496
安徽省,2028,乐观情景,能源强度,1.6310347,0.92355007,2.3385193,0.8159848980355388,0.1427510409835418,2.93499918340683,0.0941800881131325,-1.0978596329496
安徽省,2029,乐观情景,能源强度,1.5948414,0.8873567,2.302326,0.9791818776426463,0.1427510409835418,2.93499918340683,0.0941800881131325,-1.0978596329496
山东省,2025,乐观情景,能源强度,1.0283302,0.32084554,1.7358148,3.6844312380389073,0.015196954724661,5.44643849206349,0.0187209760709147,-1.18931656822143
山东省,2026,乐观情景,能源强度,0.92694986,0.2194652,1.6344345,4.421317485646688,0.015196954724661,5.44643849206349,0.0187209760709147,-1.18931656822143
山东省,2027,乐观情景,能源强度,0.84054685,0.13306218,1.5480316,5.305580982776026,0.015196954724661,5.44643849206349,0.0187209760709147,-1.18931656822143
山东省,2028,乐观情景,能源强度,0.78405076,0.0765661,1.4915354,6.366697179331232,0.015196954724661,5.44643849206349,0.0187209760709147,-1.18931656822143
山东省,2029,乐观情景,能源强度,0.73434883,0.026864171,1.4418335,7.640036615197476,0.015196954724661,5.44643849206349,0.0187209760709147,-1.18931656822143
山西省,2025,乐观情景,能源强度,1.7860465,1.0785618,2.4935312,-0.026088294717345358,0.4585541308585706,6.18833430063842,0.0,-2.40979039172848
山西省,2026,乐观情景,能源强度,1.7680842,1.0605996,2.4755688,-0.03130595366081443,0.4585541308585706,6.18833430063842,0.0,-2.40979039172848
山西省,2027,乐观情景,能源强度,1.7849131,1.0774283,2.4923978,-0.037567144392977314,0.4585541308585706,6.18833430063842,0.0,-2.40979039172848
山西省,2028,乐观情景,能源强度,1.7941179,1.0866332,2.5016026,-0.04508057327157278,0.4585541308585706,6.18833430063842,0.0,-2.40979039172848
山西省,2029,乐观情景,能源强度,1.7956588,1.0881741,2.5031435,-0.05409668792588733,0.4585541308585706,6.18833430063842,0.0,-2.40979039172848
广东省,2025,乐观情景,能源强度,0.9450117,0.23752701,1.6524963,3.2428816706289645,0.0105758653654706,3.34843505477308,0.595164265319013,-0.490663547190007
广东省,2026,乐观情景,能源强度,0.86475396,0.1572693,1.5722387,3.8914580047547576,0.0105758653654706,3.34843505477308,0.595164265319013,-0.490663547190007
广东省,2027,乐观情景,能源强度,0.79018867,0.08270401,1.4976733,4.669749605705708,0.0105758653654706,3.34843505477308,0.595164265319013,-0.490663547190007
广东省,2028,乐观情景,能源强度,0.73923945,0.03175479,1.4467242,5.60369952684685,0.0105758653654706,3.34843505477308,0.595164265319013,-0.490663547190007
广东省,2029,乐观情景,能源强度,0.6928259,-0.014658749,1.4003105,6.7244394322162195,0.0105758653654706,3.34843505477308,0.595164265319013,-0.490663547190007
广西壮族自治区,2025,乐观情景,能源强度,1.3880458,0.6805611,2.0955305,3.5899608519285455,0.4015197525951677,3.05929982046679,0.0,-1.28898937115611
广西壮族自治区,2026,乐观情景,能源强度,1.1983035,0.4908188,1.9057882,4.307953022314255,0.4015197525951677,3.05929982046679,0.0,-1.28898937115611
广西壮族自治区,2027,乐观情景,能源强度,1.041228,0.3337434,1.7487128,5.169543626777105,0.4015197525951677,3.05929982046679,0.0,-1.28898937115611
广西壮族自治区,2028,乐观情景,能源强度,0.93772024,0.23023558,1.6452049,6.203452352132526,0.4015197525951677,3.05929982046679,0.0,-1.28898937115611
广西壮族自治区,2029,乐观情景,能源强度,0.85098207,0.1434974,1.5584667,7.44414282255903,0.4015197525951677,3.05929982046679,0.0,-1.28898937115611
新疆维吾尔自治区,2025,乐观情景,能源强度,1.5990119,0.89152724,2.3064966,1.20006199239711,0.2160503747425015,8.27276493915547,0.0,-2.48700181405564
新疆维吾尔自治区,2026,乐观情景,能源强度,1.404826,0.6973414,2.1123106,1.440074390876532,0.2160503747425015,8.27276493915547,0.0,-2.48700181405564
新疆维吾尔自治区,2027,乐观情景,能源强度,1.2710032,0.5635186,1.978488,1.7280892690518384,0.2160503747425015,8.27276493915547,0.0,-2.48700181405564
新疆维吾尔自治区,2028,乐观情景,能源强度,1.1968331,0.48934847,1.9043179,2.073707122862206,0.2160503747425015,8.27276493915547,0.0,-2.48700181405564
新疆维吾尔自治区,2029,乐观情景,能源强度,1.1631794,0.45569474,1.8706641,2.488448547434647,0.2160503747425015,8.27276493915547,0.0,-2.48700181405564
江苏省,2025,乐观情景,能源强度,1.0031598,0.2956751,1.7106445,1.996948644226452,0.2890969870372533,4.90411095472672,0.427245594760139,-0.694182069587177
江苏省,2026,乐观情景,能源强度,0.9468568,0.23937213,1.6543415,2.3963383730717425,0.2890969870372533,4.90411095472672,0.427245594760139,-0.694182069587177
江苏省,2027,乐观情景,能源强度,0.8896134,0.18212873,1.5970981,2.8756060476860905,0.2890969870372533,4.90411095472672,0.427245594760139,-0.694182069587177
江苏省,2028,乐观情景,能源强度,0.84626895,0.13878429,1.5537536,3.450727257223309,0.2890969870372533,4.90411095472672,0.427245594760139,-0.694182069587177
江苏省,2029,乐观情景,能源强度,0.80613565,0.09865099,1.5136204,4.1408727086679695,0.2890969870372533,4.90411095472672,0.427245594760139,-0.694182069587177
江西省,2025,乐观情景,能源强度,1.5869559,0.87947124,2.2944405,1.5685838392045386,0.7118251589796067,2.65260986457963,0.346853429955026,-0.791617896937358
江西省,2026,乐观情景,能源强度,1.4080517,0.70056707,2.1155365,1.8823006070454462,0.7118251589796067,2.65260986457963,0.346853429955026,-0.791617896937358
江西省,2027,乐观情景,能源强度,1.2557911,0.5483064,1.9632757,2.2587607284545355,0.7118251589796067,2.65260986457963,0.346853429955026,-0.791617896937358
江西省,2028,乐观情景,能源强度,1.1630245,0.45553988,1.8705091,2.7105128741454427,0.7118251589796067,2.65260986457963,0.346853429955026,-0.791617896937358
江西省,2029,乐观情景,能源强度,1.0881026,0.38061792,1.7955873,3.2526154489745305,0.7118251589796067,2.65260986457963,0.346853429955026,-0.791617896937358
河北省,2025,乐观情景,能源强度,1.4202489,0.7127642,2.1277335,2.671165029732123,0.2448634352335204,4.70202222824614,0.0,-1.64576782601011
河北省,2026,乐观情景,能源强度,1.2812006,0.573716,1.9886854,3.205398035678548,0.2448634352335204,4.70202222824614,0.0,-1.64576782601011
河北省,2027,乐观情景,能源强度,1.1581088,0.45062417,1.8655934,3.846477642814257,0.2448634352335204,4.70202222824614,0.0,-1.64576782601011
河北省,2028,乐观情景,能源强度,1.0646034,0.3571188,1.772088,4.615773171377109,0.2448634352335204,4.70202222824614,0.0,-1.64576782601011
河北省,2029,乐观情景,能源强度,0.98654646,0.2790618,1.6940311,5.53892780565253,0.2448634352335204,4.70202222824614,0.0,-1.64576782601011
河南省,2025,乐观情景,能源强度,2.0287688,1.321284,2.7362535,0.5892167376865505,0.9306510457619124,2.65406234031681,0.0699960078539488,-1.12717089573832
河南省,2026,乐观情景,能源强度,1.9009225,1.1934378,2.6084073,0.7070600852238605,0.9306510457619124,2.65406234031681,0.0699960078539488,-1.12717089573832
河南省,2027,乐观情景,能源强度,1.8078825,1.1003978,2.5153673,0.8484721022686326,0.9306510457619124,2.65406234031681,0.0699960078539488,-1.12717089573832
河南省,2028,乐观情景,能源强度,1.7262024,1.0187178,2.433687,1.018166522722359,0.9306510457619124,2.65406234031681,0.0699960078539488,-1.12717089573832
河南省,2029,乐观情景,能源强度,1.6762977,0.968813,2.3837824,1.2217998272668307,0.9306510457619124,2.65406234031681,0.0699960078539488,-1.12717089573832
浙江省,2025,乐观情景,能源强度,0.8248495,0.117364824,1.5323341,3.6844312380389073,0.0259112887299097,5.18735532233883,0.589675226020143,-0.497316298571184
浙江省,2026,乐观情景,能源强度,0.75342506,0.0459404,1.4609097,4.421317485646688,0.0259112887299097,5.18735532233883,0.589675226020143,-0.497316298571184
浙江省,2027,乐观情景,能源强度,0.70035595,-0.0071287155,1.4078406,5.305580982776026,0.0259112887299097,5.18735532233883,0.589675226020143,-0.497316298571184
浙江省,2028,乐观情景,能源强度,0.6658586,-0.041626036,1.3733432,6.366697179331232,0.0259112887299097,5.18735532233883,0.589675226020143,-0.497316298571184
浙江省,2029,乐观情景,能源强度,0.63144684,-0.076037824,1.3389316,7.640036615197476,0.0259112887299097,5.18735532233883,0.589675226020143,-0.497316298571184
海南省,2025,乐观情景,能源强度,1.3187395,0.6112549,2.0262241,1.0650113064556257,0.522613002003604,3.46520992366412,0.468561322579346,-0.644107138374686
海南省,2026,乐观情景,能源强度,1.2323532,0.52486855,1.9398379,1.2780135677467508,0.522613002003604,3.46520992366412,0.468561322579346,-0.644107138374686
海南省,2027,乐观情景,能源强度,1.1462151,0.43873042,1.8536997,1.5336162812961007,0.522613002003604,3.46520992366412,0.468561322579346,-0.644107138374686
海南省,2028,乐观情景,能源强度,1.0887883,0.3813036,1.796273,1.840339537555321,0.522613002003604,3.46520992366412,0.468561322579346,-0.644107138374686
海南省,2029,乐观情景,能源强度,1.0450382,0.33755356,1.752523,2.208407445066385,0.522613002003604,3.46520992366412,0.468561322579346,-0.644107138374686
湖北省,2025,乐观情景,能源强度,1.1718951,0.46441048,1.8793797,2.9752544001908565,0.3267208771432856,3.3361330133699,0.250009568355907,-0.908993287954276
湖北省,2026,乐观情景,能源强度,1.0530813,0.3455966,1.760566,3.570305280229028,0.3267208771432856,3.3361330133699,0.250009568355907,-0.908993287954276
湖北省,2027,乐观情景,能源强度,0.956929,0.24944437,1.6644137,4.284366336274833,0.3267208771432856,3.3361330133699,0.250009568355907,-0.908993287954276
湖北省,2028,乐观情景,能源强度,0.8819288,0.17444414,1.5894134,5.1412396035298,0.3267208771432856,3.3361330133699,0.250009568355907,-0.908993287954276
湖北省,2029,乐观情景,能源强度,0.81498903,0.10750437,1.5224737,6.169487524235759,0.3267208771432856,3.3361330133699,0.250009568355907,-0.908993287954276
湖南省,2025,乐观情景,能源强度,1.0060607,0.29857606,1.7135453,3.6844312380389073,0.4642633052168849,2.27799745548911,0.554239930318733,-0.540264107756758
湖南省,2026,乐观情景,能源强度,0.90211195,0.19462729,1.6095966,4.421317485646688,0.4642633052168849,2.27799745548911,0.554239930318733,-0.540264107756758
湖南省,2027,乐观情景,能源强度,0.8166822,0.10919756,1.5241668,5.305580982776026,0.4642633052168849,2.27799745548911,0.554239930318733,-0.540264107756758
湖南省,2028,乐观情景,能源强度,0.75718033,0.04969567,1.4646649,6.366697179331232,0.4642633052168849,2.27799745548911,0.554239930318733,-0.540264107756758
湖南省,2029,乐观情景,能源强度,0.701222,-0.00626266,1.4087067,7.640036615197476,0.4642633052168849,2.27799745548911,0.554239930318733,-0.540264107756758
甘肃省,2025,乐观情景,能源强度,1.8703309,1.1628463,2.5778155,2.218879300947319,0.847618608156642,3.81288436077336,0.0,-1.88335509078744
甘肃省,2026,乐观情景,能源强度,1.6784874,0.97100276,2.385972,2.662655161136783,0.847618608156642,3.81288436077336,0.0,-1.88335509078744
甘肃省,2027,乐观情景,能源强度,1.5275965,0.8201118,2.2350812,3.195186193364139,0.847618608156642,3.81288436077336,0.0,-1.88335509078744
甘肃省,2028,乐观情景,能源强度,1.3984674,0.69098276,2.105952,3.8342234320369672,0.847618608156642,3.81288436077336,0.0,-1.88335509078744
甘肃省,2029,乐观情景,能源强度,1.2854631,0.57797843,1.9929478,4.60106811844436,0.847618608156642,3.81288436077336,0.0,-1.88335509078744
福建省,2025,乐观情景,能源强度,0.92445433,0.21696967,1.6319389,2.629292841259631,0.3024618687349595,4.33162172668734,0.612296737191706,-0.469898879693911
福建省,2026,乐观情景,能源强度,0.8582657,0.15078104,1.5657504,3.155151409511557,0.3024618687349595,4.33162172668734,0.612296737191706,-0.469898879693911
福建省,2027,乐观情景,能源强度,0.7976037,0.090119064,1.5050883,3.786181691413868,0.3024618687349595,4.33162172668734,0.612296737191706,-0.469898879693911
福建省,2028,乐观情景,能源强度,0.75336635,0.04588169,1.460851,4.5434180296966415,0.3024618687349595,4.33162172668734,0.612296737191706,-0.469898879693911
福建省,2029,乐观情景,能源强度,0.71251255,0.00502789,1.4199972,5.4521016356359695,0.3024618687349595,4.33162172668734,0.612296737191706,-0.469898879693911
贵州省,2025,乐观情景,能源强度,1.2064593,0.49897462,1.913944,3.6844312380389073,0.2019490803852279,2.93160103626943,0.143313294560675,-1.03830986672314
贵州省,2026,乐观情景,能源强度,1.0600237,0.352539,1.7675083,4.421317485646688,0.2019490803852279,2.93160103626943,0.143313294560675,-1.03830986672314
贵州省,2027,乐观情景,能源强度,0.9368608,0.22937614,1.6443455,5.305580982776026,0.2019490803852279,2.93160103626943,0.143313294560675,-1.03830986672314
贵州省,2028,乐观情景,能源强度,0.8560791,0.14859444,1.5635638,6.366697179331232,0.2019490803852279,2.93160103626943,0.143313294560675,-1.03830986672314
贵州省,2029,乐观情景,能源强度,0.7839402,0.07645553,1.4914248,7.640036615197476,0.2019490803852279,2.93160103626943,0.143313294560675,-1.03830986672314
辽宁省,2025,乐观情景,能源强度,1.0547746,0.34728998,1.7622592,3.6844312380389073,0.6615152992545849,5.83882069795427,0.0,-1.51268278032791
辽宁省,2026,乐观情景,能源强度,0.9730564,0.2655717,1.680541,4.421317485646688,0.6615152992545849,5.83882069795427,0.0,-1.51268278032791
辽宁省,2027,乐观情景,能源强度,0.8990132,0.19152856,1.6064979,5.305580982776026,0.6615152992545849,5.83882069795427,0.0,-1.51268278032791
辽宁省,2028,乐观情景,能源强度,0.8415354,0.13405073,1.54902,6.366697179331232,0.6615152992545849,5.83882069795427,0.0,-1.51268278032791
辽宁省,2029,乐观情景,能源强度,0.7857145,0.078229845,1.4931991,7.640036615197476,0.6615152992545849,5.83882069795427,0.0,-1.51268278032791
重庆市,2025,乐观情景,能源强度,1.1460966,0.43861192,1.8535812,2.007515415586397,0.2527210715306338,2.76545454545455,0.547244411807783,-0.548742721754905
重庆市,2026,乐观情景,能源强度,1.0761374,0.36865276,1.783622,2.4090184987036767,0.2527210715306338,2.76545454545455,0.547244411807783,-0.548742721754905
重庆市,2027,乐观情景,能源强度,1.0013124,0.2938277,1.708797,2.8908221984444116,0.2527210715306338,2.76545454545455,0.547244411807783,-0.548742721754905
重庆市,2028,乐观情景,能源强度,0.9372012,0.22971654,1.6446859,3.4689866381332943,0.2527210715306338,2.76545454545455,0.547244411807783,-0.548742721754905
重庆市,2029,乐观情景,能源强度,0.8756291,0.16814446,1.5831138,4.162783965759952,0.2527210715306338,2.76545454545455,0.547244411807783,-0.548742721754905
陕西省,2025,乐观情景,能源强度,1.2806994,0.5732147,1.988184,1.2660526330547939,0.6420278681328576,4.71619276498862,0.0,-1.26180068629217
陕西省,2026,乐观情景,能源强度,1.230378,0.52289337,1.9378626,1.5192631596657526,0.6420278681328576,4.71619276498862,0.0,-1.26180068629217
陕西省,2027,乐观情景,能源强度,1.1988765,0.49139184,1.9063611,1.823115791598903,0.6420278681328576,4.71619276498862,0.0,-1.26180068629217
陕西省,2028,乐观情景,能源强度,1.1564845,0.44899982,1.8639691,2.1877389499186837,0.6420278681328576,4.71619276498862,0.0,-1.26180068629217
陕西省,2029,乐观情景,能源强度,1.1100628,0.40257818,1.8175476,2.6252867399024202,0.6420278681328576,4.71619276498862,0.0,-1.26180068629217
青海省,2025,乐观情景,能源强度,1.4347005,0.7272158,2.1421852,-0.5377108900769771,2.354206742938139,8.70811129848229,0.0,-2.22998979877493
青海省,2026,乐观情景,能源强度,1.3469524,0.6394678,2.0544372,-0.6452530680923726,2.354206742938139,8.70811129848229,0.0,-2.22998979877493
青海省,2027,乐观情景,能源强度,1.3007485,0.5932638,2.008233,-0.7743036817108471,2.354206742938139,8.70811129848229,0.0,-2.22998979877493
青海省,2028,乐观情景,能源强度,1.2982094,0.59072477,2.0056942,-0.9291644180530165,2.354206742938139,8.70811129848229,0.0,-2.22998979877493
青海省,2029,乐观情景,能源强度,1.3188418,0.61135715,2.0263264,-1.1149973016636197,2.354206742938139,8.70811129848229,0.0,-2.22998979877493
黑龙江省,2025,乐观情景,能源强度,1.1721073,0.46462268,1.879592,3.654149915065621,2.110997821192093,3.99471409706174,0.0,-1.27008394904381
黑龙江省,2026,乐观情景,能源强度,1.0577116,0.35022694,1.7651963,4.384979898078745,2.110997821192093,3.99471409706174,0.0,-1.27008394904381
黑龙江省,2027,乐观情景,能源强度,0.9559404,0.24845576,1.6634251,5.261975877694494,2.110997821192093,3.99471409706174,0.0,-1.27008394904381
黑龙江省,2028,乐观情景,能源强度,0.8805182,0.17303354,1.5880029,6.314371053233393,2.110997821192093,3.99471409706174,0.0,-1.27008394904381
黑龙江省,2029,乐观情景,能源强度,0.8115425,0.10405785,1.5190272,7.57724526388007,2.110997821192093,3.99471409706174,0.0,-1.27008394904381
