sim_coef,sim_pval
-0.03662975778335008,0.31322754497330063
0.0016418234852158783,0.9699430940131211
0.038199796181304445,0.3613726891175435
-0.05782579821510539,0.17184967963685027
0.026056027710106445,0.5183486228398566
-0.08539856865049016,0.09763410938195904
0.02170381954246179,0.6007857448943854
-0.03969271091646396,0.40377361681868695
0.1451570033644074,0.00963542031573894
0.040239993403263556,0.483740021746196
-0.04926398162905248,0.3005278569826191
0.14120452871852407,0.005805719575545432
0.019266882759937192,0.7420425090586464
0.031372597480227714,0.4060309139420748
0.03810811411217333,0.3501057618610419
-0.06292276076125528,0.14334556214544603
-0.008541652474970903,0.8561091017020963
-0.10919346637224545,0.07076410265189037
-0.04869036003117759,0.30147183156147395
0.005500543578546261,0.9018438587781918
0.07297665112043783,0.15575475775986658
-0.05511516824858942,0.22750050868742244
0.029324692495038406,0.5677207936848947
0.16075895558394684,0.0061968868591679716
0.010855499212488821,0.8394381230036732
-0.07502090401335061,0.09336752521719616
-0.005659739787582496,0.8848410809065987
-0.06026233246504596,0.11832061802449334
-0.007076177158004351,0.8664944848767626
0.02309637672231749,0.6221634761914743
-0.09761112289275789,0.03897820989221845
-0.0071395103825045115,0.8876957066491418
-0.11847412327991891,0.05466633183555758
-0.056844437752354406,0.11463846560935798
-0.017645232588997705,0.7466311261081415
-0.04850464573041692,0.2877402349914606
0.012658274480660344,0.7730022568925665
-0.059722382841265666,0.17355421877874977
0.018726834246621908,0.7026049451590961
-0.09229653696274198,0.0806972301902158
-0.01386923638230485,0.7299194351031364
0.04285770085186052,0.5089843191049868
0.043710997311496684,0.2970538131757494
-0.026681472941141,0.6224426248435497
0.16075895558394684,0.0061968868591679716
0.00704402144370212,0.8456249796586739
0.05440623868934271,0.22954189495838406
0.046591273823749474,0.26414125012635203
-0.04919742397222024,0.3081859567926164
-0.047562848312242334,0.36734515429756875
-0.048583047707477796,0.2059593590451887
-0.056250238031432545,0.22801647978605333
0.05148988576580543,0.21083722164430307
9.226613527354475e-05,0.9986174414864801
-0.01684691744265332,0.6909959365332072
0.09713003594718955,0.11352400217215619
0.02624211557129545,0.551356078961549
0.029334073133339928,0.5229568035975798
-0.000470893499647078,0.9907451847741469
0.12200704984368417,0.05000961829504136
0.048228316630182705,0.24474473582050327
0.025010142938402896,0.5562683923369134
-0.08586200470057274,0.0452108948121035
0.0031756296855951884,0.9381609767114645
-0.0016286502760503505,0.9692505182808449
-0.1014771621075458,0.05621394200397889
0.07113249811726302,0.15175175054275858
-0.03337091330822416,0.48647170970395526
0.044190884999812094,0.45455633973323684
-0.05799864254580513,0.23153993528908612
0.011085780728778832,0.8134623882990462
-0.0033999234215048636,0.9366541593982838
0.01935442614554153,0.6788032801624349
-0.046325746742087406,0.23503080391032505
-0.060738957423742905,0.2299301879433462
-0.06679532302868027,0.1642942102637801
0.16075895558394684,0.0061968868591679716
0.035758206610706125,0.4169646549541799
-0.03310114669822205,0.48376468309723863
-0.024649037497252894,0.5890055881994187
-0.060807454944277785,0.18400131344233195
-0.044871706213493096,0.3357851717774043
0.04614196239845812,0.353972800613219
0.06470846084662107,0.13557348114875145
-0.019026835761564657,0.6348248545214172
0.10180996552799564,0.07792733167855359
0.14120452871852407,0.005805719575545432
0.0007709087008384393,0.9872546637472344
0.04550770404767745,0.31527713334014607
0.06621774908305701,0.17487344599831744
-0.03146593326258705,0.458503184910112
0.026958769201223337,0.561127647582381
-0.03309479241851753,0.4537787064233827
0.016795235495068294,0.6971536751559599
0.03314649872705871,0.4509488993105417
0.008440929375636144,0.8717673039494882
0.062484236695842875,0.15914071544135133
0.046591273823749474,0.26414125012635203
-0.0010550207362691486,0.9789975502974706
0.028662011258591732,0.5695642822961178
-0.09702006205414149,0.03845319231245181
-0.07409367071250744,0.14971174584010383
-0.006096191249466036,0.8857737666786274
-0.07311644324881557,0.08867971973340616
0.0797226784956249,0.13607998087617723
0.09723600956014994,0.0928121472009118
0.051935892459137614,0.22981645148223095
-0.048450924277925904,0.2741248547327544
0.1065386606664513,0.05564223226776166
-0.010452580006864965,0.8302426693803415
0.008256193090530802,0.8609820902067236
-0.0666690819589441,0.23567982583390523
0.052566846228369886,0.2832526507430775
0.09674510183916502,0.032266193517223485
-0.008523405489022773,0.8665179086974684
-0.019134072140796154,0.6816971904901807
-0.01139821173609785,0.8012367111088539
0.09108582420159864,0.054539295872816584
0.013820309379675107,0.7248564606847161
0.046671402517508793,0.2541217736033792
0.0760077971216331,0.07856693307692786
-0.11851900685739261,0.07537573739076686
-0.01386923638230485,0.7299194351031364
-0.028319262903289354,0.5286779697518986
-0.043179615601049576,0.2030928523015838
-0.02621801218763539,0.5145778827556606
0.08443045765542131,0.07026344428116715
-0.017122409481046662,0.6694699036704104
-0.005285415600949621,0.9079428321280054
-0.05291445696852934,0.32736076141063686
0.014872301645362003,0.7268201123153335
0.0259908220508759,0.5784836881377831
-0.028703920481931825,0.5674714124478921
-0.016910280665949996,0.7732668460885384
0.0366559344401892,0.43659284069028104
0.06415260276422365,0.13180416682971896
0.07560339825904287,0.1032167807799449
-0.04183245173202314,0.2989478933291667
-0.03864180016976969,0.44827520643131047
-0.033251913697927286,0.39397271219946095
-0.11674996029292083,0.015431247353904443
-0.0647874121383923,0.149523167031252
0.04896910659920055,0.3002379647935045
-0.10962119269521849,0.01714756335403078
0.0220777597967058,0.668091156576542
-0.045310793960692555,0.36740615280607747
-0.0621379432893909,0.13945348275934943
0.017500172378931006,0.6567133804930552
-0.06272112685548302,0.07535556569144841
-0.013817422900118373,0.7567064336093317
-0.009000494386400238,0.8718956704554768
0.05496664586385285,0.2501225899500945
0.07247556451047013,0.14755235235316477
-0.04910453285243846,0.25383337685196894
-0.022788349714013757,0.6122654777246879
-0.043635928698863694,0.25760958823907076
-0.06000127087783948,0.21697399877292467
-0.05638951657056975,0.2358799071434181
-0.01181065191243212,0.780891400834427
0.1072231281569943,0.03624281834998078
-0.003645241285537167,0.9277340620795038
-0.004469888339715558,0.9301692721111732
0.0010051531204889625,0.9804854686090152
0.07723686996444107,0.08902434250199631
0.016523996268978727,0.7306414091234488
0.09723600956014994,0.0928121472009118
0.028592001160422396,0.4668793532056883
0.03607127182863764,0.45279237599106503
0.040239993403263556,0.483740021746196
0.0573781440947736,0.14741084143797734
0.0220777597967058,0.668091156576542
0.11021808649382317,0.023395137914524966
-0.027986026035880907,0.5192059255999153
-0.010250310168017954,0.7900891548454523
-0.05036561110084219,0.2595812076244246
0.02442821160892329,0.5420651385426387
0.062484236695842875,0.15914071544135133
-0.034091059972690595,0.401033552152263
-0.03389630121159849,0.28944193507538607
-0.0634470209202496,0.2227153140071605
-0.03908937209548576,0.4222698728956398
-0.03309479241851753,0.4537787064233827
-0.11651687746846373,0.04574645394915633
-0.04636568260668393,0.22650641976852515
-0.0057070101733636535,0.8886220838686272
0.10052815031150321,0.14701540500351795
0.03795119857127219,0.37468495804587487
0.03707827787529161,0.4533909317795528
0.0019938129154690332,0.9614132352389133
0.0721263698101153,0.1537052341836529
-0.03803416864523219,0.3814237731393535
-0.007226901738893302,0.8542461511899666
-0.09023624457459614,0.03941490686188698
0.053247798095063914,0.23796114583386396
-0.035227491365810125,0.504321491681226
0.08652063859637747,0.1063525186497587
-0.024006465403231893,0.67332174165157
0.043265894498805954,0.31001452070723245
0.006612411499853119,0.8765481227568466
-0.08720075829760313,0.07839795549392692
0.0034944484368533662,0.9443711841192755
0.06342817624232469,0.17651148410864392
-0.02443266565853708,0.6372603028777528
0.06315492481940894,0.15602195427712218
-0.06398903274879132,0.25555673838242177
0.03529584081193445,0.5755878728711368
-0.011577067360926717,0.7852628248741329
-0.05511516824858942,0.22750050868742244
0.040613373003210634,0.3593477502602185
-0.037369624234801856,0.37915985608205727
0.1152324536351329,0.01712255980995958
-0.03615127079416194,0.3046483992789413
-0.0704784853309549,0.10243235243891058
0.03208559829270093,0.4501573323327408
-0.0666690819589441,0.23567982583390523
0.053502683076744766,0.22449161223634362
-0.025270443225371236,0.5323182922425627
-0.01572161274713406,0.6838206256250081
0.03480587042535304,0.3828938250777907
-0.06406297360640581,0.10109495001447355
-0.05272959711223033,0.29190949266765687
0.027554862030301636,0.4844983103950442
-0.005587180663398867,0.897803822886734
-0.09727579917855274,0.02585633351941441
0.02485200774517362,0.5159369289532891
-0.09296696083718077,0.029329030202619233
0.053247798095063914,0.23796114583386396
-0.03821406239784598,0.33874187610054696
-0.07637179701828721,0.13968389007688042
0.0067183136453927905,0.8744737308401815
0.059050087492214284,0.1737194102728603
-0.07582447834575148,0.13035459470898925
-0.0024900676449325383,0.9575196979803533
-0.10919346637224545,0.07076410265189037
-0.04910453285243846,0.25383337685196894
-0.027955529824132443,0.46616895458416185
-0.02092542729516744,0.6539570159000281
0.03829587629311071,0.3066046263749176
-0.03241063652355339,0.47971861940210836
-0.0654004887951511,0.19063877461263545
-0.05464639426285413,0.24235488873601096
-0.05160551086226355,0.3906518046513723
-0.0674001605891181,0.12065520488924886
0.07723686996444107,0.08902434250199631
-0.05550051729918218,0.13189651171186734
-0.09296696083718077,0.029329030202619233
0.04586245302026888,0.31484531578487673
0.0032679244116696343,0.9420929549685295
0.015559331859139186,0.7554886614516974
-0.023022557546848652,0.5824691685782422
-0.02809287648921844,0.546175198603029
0.15247735503734075,0.031384652880834585
-0.0808987423998604,0.06821021948590134
-0.069395757176675,0.12685924496206868
0.0971350077231776,0.03693471165693274
-0.05782579821510539,0.17184967963685027
-0.03279248774349257,0.39520840770517984
-0.03389630121159849,0.28944193507538607
-0.062407386073213535,0.11992330492297332
0.03707827787529161,0.4533909317795528
-0.09259342300247062,0.04969188193337315
0.12418246792653263,0.020438805887634137
0.10898758751735418,0.01825603062120762
-0.007381021058563546,0.8913243695611988
0.04613485586709136,0.2935636982055976
-0.059822840488492825,0.17803239625504852
0.04910171382472794,0.24900448365007222
0.01601197899335949,0.6977315254820744
-0.08108339085325908,0.05890439085457766
0.053195827243839554,0.3354377601133749
0.03216722440570099,0.41744826088081055
0.0047875058557738685,0.923507460331696
-0.05404945083010018,0.1296863715081542
0.057250219673708296,0.21798643868665568
0.03216722440570099,0.41744826088081055
0.04753723821246572,0.24656381863322197
-0.007226901738893302,0.8542461511899666
0.06803859210838506,0.16168435050288155
-0.0034404332888297905,0.9444207535343139
-0.02554035285421337,0.5822457428052665
-0.04031318318940329,0.4090788682711224
0.13491389259285247,0.013751997013803141
0.07010866468016562,0.15614176583549377
0.07735551616693052,0.08872273929341401
-0.012866696032744027,0.736247577978359
-0.023795395219450465,0.5702014280419392
0.007909928708919033,0.8622088822049829
-0.08715484012524737,0.082118842791566
-0.07183230410182345,0.11773524363423093
-0.024654161913982068,0.5376997040000708
-0.08128738588208502,0.09077717574890753
-0.10038927285191794,0.02475137829221774
0.07667381394863265,0.13731453327962395
0.018087360869751722,0.6685287357570913
0.011331040299419498,0.8098765906722851
-0.07655531225290547,0.12145872181496964
-0.024878482397606514,0.5787073968973098
0.06979023323599925,0.22520050639451128
0.03483802727870175,0.3704909603859514
-0.09172219792124459,0.02953032140416889
0.0760916362217546,0.11300521141672859
0.14874355982967968,0.01738301135485143
0.046591273823749474,0.26414125012635203
-0.0739395576872916,0.19601418853133268
0.11588463786942328,0.031130577157965744
0.03311783204182956,0.4122142970914535
0.003611316037857276,0.951471366510189
-0.005233262288109171,0.8982330095355839
-0.009680779767718193,0.8311691107031376
0.08652063859637747,0.1063525186497587
0.0007807477662065942,0.9857836106340374
0.008313469287846365,0.8586621741975851
0.08032852522011938,0.2600070027851564
0.009955496540562228,0.7933908433563084
0.08936350966626853,0.07990939500926775
-0.005330678036381461,0.9040720976216319
-0.04795964145004148,0.22741681055058427
0.031500744533696175,0.484552319818393
0.11021808649382317,0.023395137914524966
-0.03422679187148769,0.4352172088452313
0.03314649872705871,0.4509488993105417
-0.03864180016976969,0.44827520643131047
-0.007344629638506027,0.835779680379777
0.02034244151936325,0.662382176078331
-0.004681181832949128,0.9055885584465335
-0.009888687244791238,0.8051281776227821
0.10327350012915441,0.022421320916989007
0.09302053398127912,0.03746287173155438
-0.012394723090393182,0.8172438264889106
-0.00020215995578935298,0.9957022002713365
0.038199796181304445,0.3613726891175435
-0.10374813240738547,0.03919361347198391
0.03319915030649001,0.3895480842206218
-0.006683335827502993,0.8708046211286515
-0.07111825320760568,0.10711145226936969
0.07723686996444107,0.08902434250199631
0.004197552070150471,0.9135165020582452
0.031690366584589465,0.43237170738068653
-0.09483069308385912,0.04987546081874639
-0.001157888651017973,0.9835156261067162
0.07072222762377021,0.12744727200828376
-0.06724777281431649,0.10685624492867762
-0.0413129065897933,0.3461901077114369
-0.03041976858121178,0.5682762967115029
-0.07273328031975651,0.1352019968900402
0.043138924305018395,0.3343023851742428
-0.00021961189062063882,0.9957517133823581
0.06484804505294994,0.18435150341709883
0.05017806857081343,0.2574749211655494
0.01813793801094881,0.6923672913163068
0.0504150321620067,0.2258402790328391
-0.05594956374641861,0.17742664215787984
0.03314649872705871,0.4509488993105417
-0.0014225483115539162,0.9717310728398751
0.05185067241619439,0.27956135119209713
0.040199975108826794,0.4006462368435315
0.04935295665891628,0.2902473239303587
-0.10033550514896798,0.06138555768475262
0.00024578384707329114,0.9945656364893494
-0.0015807235547247891,0.9696796829769139
-0.04117889082923497,0.3371188209038205
0.01678949882087461,0.7228398236903033
0.0017733037314158337,0.9709440221156156
-0.05109365470501073,0.18307699378756204
-0.07539299291465382,0.03217563812113289
-0.0018589526999801458,0.9656397357590507
0.020144800707645145,0.6327170082526106
0.046597352916952973,0.25652554785335746
-0.09366069176125498,0.024741022600709872
-0.07111825320760568,0.10711145226936969
0.06559189091746456,0.16068757918799115
0.07072222762377021,0.12744727200828376
-0.010190062383873398,0.8229904323150243
0.00969768997478016,0.8445802547365662
0.10577590268796064,0.06515940163501055
-0.0057070101733636535,0.8886220838686272
-0.1014771621075458,0.05621394200397889
-0.0739395576872916,0.19601418853133268
0.014560526918743199,0.7516232562362761
-0.05036561110084219,0.2595812076244246
-0.0733047266644016,0.10067262968371815
0.04404056228315211,0.38909933507900063
0.12127563666259583,0.020580791175215607
-0.024649037497252894,0.5890055881994187
-0.07309896118097277,0.22934125782008885
0.03146103408098652,0.5123799901306625
0.010584794953976425,0.8042370957486604
0.0189757412896319,0.6444390036266521
0.04053159111985161,0.4277637672691528
-0.005695645336388861,0.9023075455522556
0.09320700564013748,0.04428109441792594
-0.006096191249466036,0.8857737666786274
-0.06055748205352491,0.147541816181753
-0.04022730199807433,0.35955177451273634
0.061077708705255196,0.1675755724156751
0.06979023323599925,0.22520050639451128
-0.0012800993597935108,0.9742157331508177
0.08521167762156076,0.11214937521828983
-0.02659247273348339,0.6009069540774621
0.0012275190086959377,0.9785493703697279
-0.05407783728512579,0.2912043658956882
-0.028931601202367412,0.5664628639600333
0.0008736117892692021,0.9862979682332857
-0.06797210570934918,0.08529629623432045
-0.008612930587347575,0.8540983414030152
-0.09860209215656789,0.04859715569945067
-0.0121733256152021,0.7747742495808292
-0.0808987423998604,0.06821021948590134
-0.038896742122819884,0.29390805382996676
-0.010452580006864965,0.8302426693803415
-0.10039242676543647,0.0342991920246285
-0.029113176194108664,0.5651045017269118
0.011490700294877663,0.8038104140934474
0.026790790553128885,0.5919645488264447
-0.05349496076259845,0.26197914992011073
-0.040093273700663595,0.3500727706404656
0.03668982032984868,0.35569845917058496
-0.01297243972385107,0.7207854125941235
-0.016050243998922405,0.7371007318941012
-0.07539299291465382,0.03217563812113289
0.020523661201772934,0.6680905149014427
-0.0283783592575598,0.5603187835626176
-0.0007925659700857597,0.9858048360310945
-0.03126160383888828,0.47744001330076435
-0.03696171416855607,0.36591373220414436
0.011605126216376558,0.7709494080132686
-0.10039242676543647,0.0342991920246285
0.02803964818914405,0.6333343127339632
0.0756958716717985,0.16300183603546992
0.03829587629311071,0.3066046263749176
0.028082102786387366,0.6032066395893199
0.05023507676125624,0.3868470213949142
0.00603062447436745,0.8816067562316303
0.08071813044275136,0.08560976412897991
0.028322868591304,0.5409508975830932
0.0851101449335987,0.09368247037201316
0.01935442614554153,0.6788032801624349
0.03268401345113638,0.41279807060869866
0.045214842741307076,0.29801234263630016
-0.0344730137445382,0.459926824247759
0.05398016545041346,0.3175745195989488
-0.07297650642916444,0.09186054063078641
-0.10458896214599119,0.056768524745184124
0.03808667381893131,0.38059203012448917
0.06804661053240053,0.1054649233961682
-0.09816368709578503,0.030323923802276553
0.045743875893390434,0.3014207101345845
-0.02177455570660848,0.6673932415151809
-0.025860091300442655,0.5928988742192818
-0.025880331703105778,0.49569330542924117
0.018971945104828913,0.6802223635301825
-0.059722382841265666,0.17355421877874977
0.053749678467273285,0.27847308922581204
-0.0071395103825045115,0.8876957066491418
0.0123663544168488,0.7696167717477391
-0.05736178443226134,0.14546004261853573
0.03677169615163492,0.43788368280626866
0.0643539969197111,0.2098687985097034
-0.045117001066004817,0.19944854018456404
0.03026569897381669,0.5083325311540381
0.004197552070150471,0.9135165020582452
-0.06749740447402319,0.12550787070444813
0.08385271003418832,0.12596798105929286
-0.08628856062468783,0.0773536388074696
0.07491434391470059,0.11856598341581637
-0.029766768633937603,0.4993973480395335
0.09965932787315197,0.047157500862534896
-0.08516391963285355,0.13057436894886454
0.08888789356309781,0.08614128154133627
-0.08586200470057274,0.0452108948121035
0.09860813099190108,0.04290260209417407
0.08444133706034679,0.04479130695637523
0.05747222321489,0.21208085178063985
0.026818355729560834,0.597865948255115
0.1148479507265996,0.02791437832274779
-0.03252467033514188,0.43942949956240285
0.025729598296735944,0.5890718676763886
-0.05842132451829856,0.1925645433017602
0.08032852522011938,0.2600070027851564
0.05351219363900348,0.21646854452045883
-0.03422679187148769,0.4352172088452313
0.04686545357287412,0.38356107679998463
0.020523661201772934,0.6680905149014427
0.030985596115484293,0.44380786557159135
-0.07267696975209255,0.1211269293994437
-0.08145914459235223,0.09215236242498248
-0.10697589211601179,0.014996572247829132
-0.014311682743365233,0.7521729997411346
-0.013354082180003878,0.7227425924273656
0.007213696358932786,0.8739632154154369
-0.03309479241851753,0.4537787064233827
0.08800462668045858,0.06677294676944823
-0.11930091328602438,0.0378095129319429
-0.00784037701994195,0.8590046388266588
-0.09816899558211437,0.0499967371644543
-0.004280509458302011,0.9326562532749509
-0.0007925659700857597,0.9858048360310945
0.04704009573025115,0.2664789325578385
-0.009888687244791238,0.8051281776227821
0.048228316630182705,0.24474473582050327
-0.06498972153675431,0.1809648522013898
0.04700957312884311,0.34746966391116363
0.0912831477041723,0.05719338268975682
0.033280973715092636,0.4397917553181838
-0.008753089493809244,0.8593711366209906
0.09965932787315197,0.047157500862534896
-0.08145914459235223,0.09215236242498248
-0.01394016065445665,0.7378414201150272
0.04291569407076634,0.32315873319272637
0.08542225771064438,0.09198555236335015
0.03314649872705871,0.4509488993105417
-0.012123024844992447,0.7534972998211886
-0.0899973061832213,0.07329785529822708
-0.013112820783461281,0.7602195425141534
0.13643985453181198,0.007414654664896547
0.10319274445629005,0.024918735280901494
0.026790790553128885,0.5919645488264447
0.031372597480227714,0.4060309139420748
-0.12489759661657326,0.06358928339272651
0.0780950190048778,0.100347704466615
-0.012887614146679901,0.7748305441750334
-0.00745036045888876,0.8647710280217553
-0.025860091300442655,0.5928988742192818
-0.06749740447402319,0.12550787070444813
-0.013332211131887572,0.8251560515093472
0.020037348197584508,0.6663204398517002
0.0797226784956249,0.13607998087617723
-0.02095542528361859,0.6151981234437676
-0.03405678258747308,0.4590642631703241
-0.027203105020561707,0.5209684854785777
-0.05550051729918218,0.13189651171186734
0.039492481274004905,0.3403136794963655
-0.10291071089185558,0.08733398755759914
0.034096608388603435,0.43750204261912495
0.006844732797576184,0.8750672787341449
-0.06695768504053888,0.17921794836498273
0.0018972302546681676,0.9707172068866787
0.02624211557129545,0.551356078961549
-0.02508995080055,0.5143690438330797
0.06439959833055237,0.13482823179328407
0.03314649872705871,0.4509488993105417
0.028358089957101186,0.48761257761447174
0.009286342661420012,0.8241196597142766
-0.011846887155523372,0.756970270451391
-0.03389630121159849,0.28944193507538607
0.06803859210838506,0.16168435050288155
0.01613981848417494,0.6941663678905083
-0.02329854519679048,0.6265877035061636
-0.0014225483115539162,0.9717310728398751
0.07766209092313599,0.18875034951404634
0.02244857393870045,0.6105985369337907
0.03985465728533704,0.4002718100950573
0.08550268115010126,0.07018554726201365
0.019532159060433842,0.6330004919143737
0.05804450044435412,0.2757510691588587
-0.005285415600949621,0.9079428321280054
-0.018625663148646634,0.6717475075168173
0.057919988410945616,0.24861344453831702
-0.06880164836193135,0.1562462995853533
0.03216312605328738,0.5254555827664671
0.05158314549500771,0.3031300502672165
0.05601619305527604,0.23425205552241413
0.07130884216336826,0.07331831865106508
0.07491434391470059,0.11856598341581637
-0.09259342300247062,0.04969188193337315
-0.09538731945623588,0.07795451528709663
-0.07311644324881557,0.08867971973340616
0.05023507676125624,0.3868470213949142
0.07725480448019004,0.13719022454525143
-0.06373259760494962,0.11941775778357311
-0.03587699115425885,0.38929459876936723
-0.00082949862325076,0.9845450253538124
-0.01641253219245409,0.6940239645470343
-0.03310114669822205,0.48376468309723863
-0.006081112357095624,0.8759188933775122
0.10123601931154187,0.04433388801289073
-0.09123593612813434,0.04739878734953984
-0.0896541506179917,0.05615287347190545
0.14508590444828803,0.005042304378918061
0.07631014589783351,0.06947574717338423
-0.02508995080055,0.5143690438330797
0.02311282210577817,0.6454526468439736
0.01755524274333823,0.6966711349585675
-0.025564771424226494,0.5853874405153769
0.01780838584669347,0.7091474147716346
0.06813171551774147,0.3244527021996184
-0.06922173744708919,0.0888916869657379
0.02365204606494568,0.6727563338179139
-0.1182862219271934,0.05725305461625885
-0.02621801218763539,0.5145778827556606
0.04065057371206434,0.3210743502078113
0.10215894304672235,0.035907546442733196
0.01806026151590029,0.6404917133713388
-0.10201496654175696,0.04657538343294143
0.020104408770308498,0.7205699322638082
0.03483802727870175,0.3704909603859514
-0.04551495299818432,0.3385835588980588
0.018429899459470014,0.6386140773135445
0.06292476107181057,0.2049625691904411
0.042940867445155184,0.37755933942809294
-0.03164082504475253,0.45606283149605753
0.0067434474524018,0.8713432880754532
-0.05272959711223033,0.29190949266765687
-0.03006269333521479,0.5375798152311031
0.03866844501125831,0.44676737868700833
0.06930544718133708,0.14839494217763738
-0.044871706213493096,0.3357851717774043
0.04040433082551158,0.3074378299138272
-0.06406297360640581,0.10109495001447355
-0.10039242676543647,0.0342991920246285
0.04233250342384039,0.3454885800485865
0.03866844501125831,0.44676737868700833
0.04548668883667926,0.33229746437540486
-0.029367265520545582,0.5709134221882417
-0.018023733909805117,0.633868852017399
-0.06486225370117822,0.13284304705920302
-0.07403352990221362,0.10103416063261528
-0.02071650708776819,0.6193238327253612
-0.00063046050745484,0.9880943968901765
-0.00048712644693661673,0.9918010699501112
-0.019493013324706335,0.6397632822190236
-0.09845153204301897,0.07355883995804313
0.0402947860589447,0.30956727696355335
0.05478952864501724,0.24582878410949927
-0.051993701209008765,0.224366985178178
0.09774568294731524,0.031089329988267744
-0.04809092657606954,0.2361406201744345
0.017842913812651948,0.6947815940930417
0.008386206590790594,0.8616068949659093
-0.06646802746982818,0.17411512809788632
0.10577590268796064,0.06515940163501055
-0.0071395103825045115,0.8876957066491418
0.01603898577123646,0.7112641176540526
0.12140289387182127,0.037296542881249506
0.09291215849329142,0.03711567795665793
-0.10337905540642728,0.019722371027470542
0.03795119857127219,0.37468495804587487
0.04613485586709136,0.2935636982055976
-0.06971887790388971,0.16625203895122098
0.00024578384707329114,0.9945656364893494
-0.03493069557706046,0.38242638124858397
-0.028063738360230097,0.509547248285362
-0.0186099039518327,0.7106863043463454
-0.06026233246504596,0.11832061802449334
-0.02609758491148159,0.5376394551426951
-0.0808987423998604,0.06821021948590134
-0.03490054667290521,0.48260589777708773
-0.00048712644693661673,0.9918010699501112
0.0019938129154690332,0.9614132352389133
-0.03310114669822205,0.48376468309723863
0.04893202236806636,0.30987521589563505
0.06970363744778124,0.1732219383387157
0.02311282210577817,0.6454526468439736
0.026294026768011992,0.546864456316678
0.045743875893390434,0.3014207101345845
-0.052417324540039445,0.14338194339710353
-0.027252719935171657,0.5580458477375982
-0.010452580006864965,0.8302426693803415
-0.08033592826051873,0.0454229766548071
-0.036373679720767084,0.4653919494876573
0.08800462668045858,0.06677294676944823
-0.044228452515196116,0.2699185915043347
0.13643985453181198,0.007414654664896547
-0.03490054667290521,0.48260589777708773
0.13491389259285247,0.013751997013803141
0.014825696348316044,0.7834653091761419
-0.07879092059469125,0.14964051136750167
0.08136489369169264,0.1312030385184526
-0.048450924277925904,0.2741248547327544
0.02889701871547927,0.5495329286344617
0.010985246511383953,0.7992677940139123
0.07067397895811345,0.15942518805427186
-0.0634470209202496,0.2227153140071605
-0.07021222309519513,0.09381415369847868
-0.046255399839060504,0.2507169178126929
0.03607127182863764,0.45279237599106503
0.03480587042535304,0.3828938250777907
0.044120596596882174,0.28451623604435183
0.06054878613869708,0.15952466262664244
-0.05694922085347482,0.13416370540499023
-0.011846887155523372,0.756970270451391
0.10052523720010026,0.04240604584951346
-0.0070829545836803825,0.8717943098070269
0.05585495508407066,0.2066547707822799
-0.02621801218763539,0.5145778827556606
-0.07585221060447785,0.13641968389809
-0.020521905845606255,0.729055898723955
0.04176721037634687,0.3535366200006125
-0.04551495299818432,0.3385835588980588
-0.07235240914032472,0.05805831619696611
-0.12182096590302656,0.02848303745199865
0.07791030601972895,0.12291298582835375
-0.019263852039186624,0.6733004886171456
0.05654416145908035,0.2117740077510244
0.0389393289250699,0.3903855167041266
-0.05272959711223033,0.29190949266765687
-0.09737997827040695,0.07028290600001252
-0.010250310168017954,0.7900891548454523
0.0402947860589447,0.30956727696355335
0.06921382189335998,0.11665606008033635
0.01935442614554153,0.6788032801624349
-0.09702006205414149,0.03845319231245181
-0.0820872630654067,0.1402944092150753
-0.0283783592575598,0.5603187835626176
0.0012785937070907563,0.9768977880186516
0.005516889073167551,0.8964274803654053
0.015073676323034364,0.7127690440744601
0.029334073133339928,0.5229568035975798
0.06576409147703596,0.16855838304541226
0.10319274445629005,0.024918735280901494
-0.09204390821070745,0.041676977880400035
-0.0840522066263385,0.0819594541708264
0.040199975108826794,0.4006462368435315
0.04753723821246572,0.24656381863322197
0.003915697208942273,0.9194422126204373
0.01853807783294735,0.6637880181255711
-0.08660683683593358,0.15630981635383479
0.04102652014846318,0.383986615923142
0.026056027710106445,0.5183486228398566
0.09017173431000511,0.09828859233112741
0.02197177641981029,0.659812105610091
-0.024498620273158595,0.5214963115554965
0.06315038556701844,0.17449909545303677
-0.02303550856182365,0.5621138195568309
-0.005076206106774624,0.8990555473223947
-0.09074918664970902,0.03564229086440429
-0.027203105020561707,0.5209684854785777
-0.040383632171506575,0.37295081397051
0.08488994059491725,0.053615073717245165
-0.016259587180463192,0.7099775805976116
0.11757379982967564,0.02325298499654238
0.09183230722875896,0.06715596573547544
0.07208274020251842,0.2665374544933148
-0.03587699115425885,0.38929459876936723
-0.030294394293793284,0.5454465190341629
0.10385182886336579,0.022857364499530908
0.03808667381893131,0.38059203012448917
-0.02031153703242211,0.6607170997501459
0.015073676323034364,0.7127690440744601
0.0573781440947736,0.14741084143797734
0.007481092666640492,0.8637670290512136
-0.029367265520545582,0.5709134221882417
-0.09989409859406999,0.035155714136590355
0.0123663544168488,0.7696167717477391
0.1236180931559723,0.010537386156580286
-0.04004984926799041,0.3579898448208698
-0.048583047707477796,0.2059593590451887
0.026958769201223337,0.561127647582381
0.04520679280576272,0.34490243555219546
-0.04846642454955221,0.35018908091829415
-0.06406367613053882,0.1301856930124481
-0.009680779767718193,0.8311691107031376
0.005725749867476242,0.8918936491782963
0.00713866338372352,0.8859343997866487
-0.07596534617642227,0.1938101099324936
-0.0015807235547247891,0.9696796829769139
0.05185067241619439,0.27956135119209713
0.07822602460655216,0.053965393886072244
-0.04202602902476737,0.3796132027323518
-0.0010550207362691486,0.9789975502974706
0.03031989212298276,0.5689467222677451
-0.10893511863263186,0.0361425174772767
-0.004681181832949128,0.9055885584465335
0.028322868591304,0.5409508975830932
-0.06785403997189518,0.14281018645016585
-0.01386923638230485,0.7299194351031364
0.08488994059491725,0.053615073717245165
0.017687150924449946,0.6442933520210121
0.0007807477662065942,0.9857836106340374
-0.04033282054904127,0.3040085414176459
-0.0845447080182835,0.07848332341932984
0.09305204786517123,0.03591715931917583
0.033280973715092636,0.4397917553181838
0.1148479507265996,0.02791437832274779
-0.046255399839060504,0.2507169178126929
0.005516889073167551,0.8964274803654053
0.059050087492214284,0.1737194102728603
0.0028200970827720294,0.9490002554903003
-0.10508123512937025,0.04498582262268758
0.010620353591242571,0.8078651989965355
0.0246538884936077,0.6013235871295448
0.06042171247072899,0.17104304197621323
0.003968852549766535,0.9301210066742436
0.08388914024463952,0.06607456171650083
0.01906089216459542,0.6375874393232972
-0.04033282054904127,0.3040085414176459
-0.0348815231093189,0.4310696411121253
0.036051462462234396,0.37528972702520225
-0.04636568260668393,0.22650641976852515
-0.022956208334513346,0.6643002194181054
-0.02071650708776819,0.6193238327253612
-0.0922879568329233,0.10530070676864223
-0.02621801218763539,0.5145778827556606
-0.06878980525877472,0.1262035151946428
-0.005587180663398867,0.897803822886734
0.05942519257631189,0.14708306289575312
-0.12235553723913369,0.01880710720608403
0.03808667381893131,0.38059203012448917
0.051935892459137614,0.22981645148223095
-0.06880164836193135,0.1562462995853533
-0.016910280665949996,0.7732668460885384
-0.05291445696852934,0.32736076141063686
-0.09788978176376648,0.05652937207074338
-0.057019417413203634,0.11780754582734088
-0.013374656386981012,0.7244407964616024
-0.032923011709004864,0.5085788360362682
0.06803859210838506,0.16168435050288155
0.14508590444828803,0.005042304378918061
-0.07168052570650535,0.15716046143919704
-0.0034999388971553897,0.9367024144921556
0.05942519257631189,0.14708306289575312
-0.08539856865049016,0.09763410938195904
0.0027119655511092067,0.958190594388399
0.0029077421463770434,0.9519779064838578
-0.03321542573092486,0.443569022754577
-0.07021222309519513,0.09381415369847868
-0.01746380292756303,0.6714773192657946
-0.049658330288070686,0.17771469453805655
-0.06785403997189518,0.14281018645016585
-0.09159980646026335,0.0562132288605135
0.005764550831582734,0.895423257703235
-0.08586200470057274,0.0452108948121035
-0.03634773963223229,0.36793357135710236
-0.02675879837509958,0.5817339239051531
-0.0054206723157352275,0.8865407834192938
0.09183230722875896,0.06715596573547544
-0.03278759777094585,0.45502221715835867
0.05780833352128657,0.19070742636422588
-0.00745036045888876,0.8647710280217553
0.04753723821246572,0.24656381863322197
0.01697885027152874,0.7416455207758137
0.06484804505294994,0.18435150341709883
0.09320700564013748,0.04428109441792594
-0.04716707282904564,0.2806745232985006
0.02122136710334306,0.6200441528738094
0.013882045689939308,0.7426191345741961
-0.0070829545836803825,0.8717943098070269
0.025927365530388047,0.6421110909505106
0.011336181244885212,0.7944703548877348
-0.00021961189062063882,0.9957517133823581
-0.0833025456999119,0.07118799983073143
-0.03908937209548576,0.4222698728956398
-0.11530272898415836,0.05407624391642285
-0.01537933326395716,0.7094928107191558
0.0070299496785634595,0.879809854627801
0.013882045689939308,0.7426191345741961
-0.04850464573041692,0.2877402349914606
-0.01895715172030853,0.6368819762145099
0.005755504251912492,0.8922044198523202
0.01687798915671864,0.7477370002581194
0.09464723090418115,0.04143755083480971
0.051935892459137614,0.22981645148223095
0.057029312342166454,0.1621088170243543
0.019476120863199914,0.6296853051297076
-0.04241778651748449,0.29460617941611833
0.019751606710932585,0.618086010718272
0.022314216670562357,0.6793795451281204
0.06928571556632236,0.09836390835361164
0.1675564806193565,0.0055971124480540535
-0.004681181832949128,0.9055885584465335
0.114974723074971,0.026068615246070292
-0.11930091328602438,0.0378095129319429
-0.10039242676543647,0.0342991920246285
-0.02031153703242211,0.6607170997501459
-0.003645241285537167,0.9277340620795038
0.07822602460655216,0.053965393886072244
0.050656603697035896,0.24608043384137157
0.05585495508407066,0.2066547707822799
-0.03970456522947141,0.36487742538999224
0.0728606495804246,0.11804256021325954
0.02237954863772746,0.5845665012041121
-0.023795395219450465,0.5702014280419392
0.013425523946392617,0.7505754209998976
0.1631048231615968,0.005382533376130372
-0.06744438241003055,0.1850831389753711
0.11854318717110271,0.021246005766169196
-0.04473681076708523,0.20831008759071934
-0.046466755160104053,0.25185062247003875
0.046591273823749474,0.26414125012635203
0.09534681008239734,0.06265577480200091
0.08652063859637747,0.1063525186497587
0.08032852522011938,0.2600070027851564
0.06439959833055237,0.13482823179328407
-0.05813845041699,0.3070478449999614
0.03237170322597707,0.4443817451574623
-0.00063046050745484,0.9880943968901765
-0.0648670371535742,0.1039047507925126
-0.08268308608887874,0.05893910164052718
-0.06364480197065406,0.19309299935674895
-0.08628856062468783,0.0773536388074696
0.05461717777717332,0.33461627227287094
-0.06604862662918537,0.11579919438622466
0.08609245570924054,0.06116445443856833
0.09723600956014994,0.0928121472009118
0.009770273493646224,0.8235873799386213
-0.017645232588997705,0.7466311261081415
-0.08715484012524737,0.082118842791566
-0.08033592826051873,0.0454229766548071
0.06976384027127254,0.31004807905269605
-0.05409630196350828,0.12221722352188835
-0.007387612671244211,0.8795868955210393
-0.024905320682612954,0.5212465684131482
-0.06371657188260896,0.08948902409487713
0.0756958716717985,0.16300183603546992
0.09256836936677793,0.035955231032749335
-0.00993146298684922,0.8105647922417911
0.016017997667999728,0.6997625194830026
-0.003733633749682568,0.9280086429901542
-0.02222037964965579,0.6511898923151329
-0.02976864959524375,0.4983506058643461
-0.08773503942771109,0.0390630824103928
-0.030288662020854184,0.5811360930881668
0.021221527052219583,0.6186828881153432
-0.01966613817170211,0.6064739151044551
0.11685653347714278,0.015174909976052975
0.0252844526051556,0.6044408839959008
-0.06486225370117822,0.13284304705920302
-0.012866696032744027,0.736247577978359
0.010367184860908782,0.8037030581544635
-0.08029759792249065,0.05508240513299478
-0.023108462621017466,0.6481664575022692
-0.005708732739661541,0.8992176208731142
0.08360697537257951,0.07723130212146523
0.09578596115289198,0.031060156433357244
0.15247735503734075,0.031384652880834585
-0.07079624395449617,0.13482739586317205
-0.021587436544257273,0.6190563822858142
-0.08268308608887874,0.05893910164052718
-0.060278361096130904,0.14043053750943413
0.019021321908259337,0.6696586483124012
-0.045310793960692555,0.36740615280607747
-0.025090913190079115,0.5239017311888232
-0.010193586597720619,0.8381309656794982
-0.06232322997278791,0.15994328861553986
-0.06371657188260896,0.08948902409487713
0.0381482296393537,0.4578187249189316
0.06439959833055237,0.13482823179328407
0.08904910469826169,0.03753247943321947
0.061077708705255196,0.1675755724156751
-0.1091484337947568,0.02077136566086457
0.03677169615163492,0.43788368280626866
0.007909928708919033,0.8622088822049829
0.011085780728778832,0.8134623882990462
-0.07480284444690921,0.07703837187824925
0.06992617694797976,0.15555364816972794
0.037445304187682535,0.3960175005732456
0.13804384638800918,0.014713537977950386
-0.04657855188069177,0.25883832439794974
-0.02055392502353547,0.5808208138765076
0.06556254041674081,0.18739419093136744
-0.10039242676543647,0.0342991920246285
0.01250187846399562,0.8149986552253909
-0.07079624395449617,0.13482739586317205
0.16075895558394684,0.0061968868591679716
-0.04235890029855184,0.35121855168437577
-0.005076206106774624,0.8990555473223947
0.0008642557847608729,0.9820232295901015
-0.04912114080746499,0.20679564536689377
-0.03804301368414178,0.47344819812376615
-0.081558387934472,0.06877420151130886
0.09965932787315197,0.047157500862534896
0.08243947281160949,0.13186239915511067
0.026958769201223337,0.561127647582381
-0.07989136691903541,0.17105540858978063
0.08800462668045858,0.06677294676944823
0.046671402517508793,0.2541217736033792
0.01665734744745206,0.6728083999882797
-0.06025356037975818,0.12802092016053468
-0.09286066841563716,0.06021151951012649
-0.09853029799335607,0.030479461590676493
-0.043317631729235785,0.39622657393273375
-0.031268418855268355,0.4612965719639692
-0.10919346637224545,0.07076410265189037
0.07130884216336826,0.07331831865106508
0.0028200970827720294,0.9490002554903003
-0.026272883796796924,0.5158868181297556
0.045572435282250745,0.4375407495116814
0.01678949882087461,0.7228398236903033
0.03237170322597707,0.4443817451574623
-0.0896541506179917,0.05615287347190545
-0.02609758491148159,0.5376394551426951
-0.08112554169727022,0.10665017665652798
0.07564059931553704,0.16359260639644457
0.03580163516900596,0.3608010411785296
0.05185067241619439,0.27956135119209713
0.03861694986665916,0.3539356759195811
-0.017762974286974122,0.6622408533252981
-0.03278759777094585,0.45502221715835867
0.03129518888368255,0.5054349416041961
0.013394856034739432,0.7288467250013111
0.01526962517590668,0.7258250458582705
-0.013374656386981012,0.7244407964616024
-0.0063664090234338685,0.8933236646059459
0.018257389666252035,0.6313719518525391
0.047704500848324435,0.2676664807013822
-0.0423237197155324,0.3438024427513038
-0.01641253219245409,0.6940239645470343
-0.0029754898140606245,0.9387855516468777
-0.02832890778434043,0.533849415947685
-0.07409367071250744,0.14971174584010383
